Cluster,quarter,FCG<=2,tot_meb,fatalities,r3s,ramadan_days
Abs,2023Q4,0.56,1.104490749,1,2.228,
Abs,2024Q1,0.671232877,1.111877923,2,-0.048,22
Abs,2024Q2,0.727272727,1.102242493,,-0.404,10
Abs,2024Q3,0.673469388,1.111877923,1,1.442,0
Abs,2024Q4,0.58490566,1.111877923,0,1.357,0
Abs,2025Q1,0.666666667,1.06264474,,1.159,30
Abs,2025Q2,0.552083333,1.056466302,0,-0.539,0
Abs,2025Q3,0.729166667,1.056466302,0,1.934,0
Abs,2025Q4,0.720430108,1.234795967,0,0.387,0
Abyan-Cluster3,2023Q4,0.450980392,1.345310042,1,0.5865,
Abyan-Cluster3,2024Q1,0.606557377,1.794797792,0,0.506,22
Abyan-Cluster3,2024Q2,0.715789474,1.230931168,1,0.7585,10
Abyan-Cluster3,2024Q3,0.703296703,0.951934151,2,1.3135,0
Abyan-Cluster3,2024Q4,0.6,0.896502585,5,0.1495,0
Abyan-Cluster3,2025Q1,0.659793814,0.984922443,0,-0.6955,30
Abyan-Cluster3,2025Q2,0.612903226,1.054266576,5,-1.389,0
Abyan-Cluster3,2025Q3,0.677083333,1.010740447,6,0.8045,0
Ad Dahi,2023Q4,0.35483871,1.026979758,,2.182,
Ad Dahi,2024Q1,0.272727273,1.016856133,3,0.674,22
Ad Dali',2024Q2,0.663934426,1.344589468,53,1.188,10
Ad Dali',2024Q3,0.742268041,1.397428731,55,2.298,0
Ad Dali',2024Q4,0.785714286,1.36344558,72,1.137,0
Ad Dali',2025Q1,0.741935484,1.303285054,69,-1.269,30
Ad Dali',2025Q2,0.794117647,1.176199962,23,-1.157,0
Ad Dali',2025Q3,0.773584906,1.236715602,24,1.195,0
Ad Dali',2025Q4,0.864583333,1.601002039,9,-0.32,0
Ad Dhale'e,2023Q4,0.662790698,1.127554616,3,0.233,
Ad Dhale'e,2024Q1,0.561797753,1.19441016,42,-0.653,22
Ad Dis,2025Q4,0.597826087,0.592760815,0,-0.133,0
Ad Dohi,2024Q2,0.559139785,1.056931718,,0.325,10
Ad Dohi,2024Q3,0.585858586,1.092756147,,0.807,0
Ad Dohi,2024Q4,0.591836735,1.12200308,0,1.242,0
Ad Dohi,2025Q1,0.5,1.120113309,,0.223,30
Ad Dohi,2025Q2,0.635416667,1.186534834,,-0.929,0
Ad Dohi,2025Q3,0.595744681,0.994579743,,1.21,0
Ad Dohi,2025Q4,0.588888889,1.234795967,0,0.238,0
Ad Dulay'ah,2024Q2,0.802469136,0.528592469,,0.376,10
Ad Dulay'ah,2024Q3,0.883116883,0.498485402,,1.312,0
Ad Dulay'ah,2024Q4,0.761904762,0.498376723,,0.106,0
Ad Dulay'ah,2025Q1,0.893617021,0.510666955,,-1.587,30
Ad Dulay'ah,2025Q2,0.860215054,0.486644666,,-1.783,0
Ad Dulay'ah,2025Q3,0.777777778,0.604958937,,0.598,0
Ad Dulay'ah,2025Q4,0.747252747,0.701494931,,0.154,0
Ad Durayhimi,2023Q4,0.485714286,1.026979758,1,0.586,
Ad Durayhimi,2024Q1,0.533333333,1.016856133,6,0.608,22
Ad Durayhimi,2024Q2,0.494623656,1.056931718,2,1.297,10
Ad Durayhimi,2024Q3,0.535353535,1.092756147,3,0.702,0
Ad Durayhimi,2024Q4,0.636363636,1.12200308,4,1.857,0
Ad Durayhimi,2025Q1,0.598130841,1.120113309,3,0.013,30
Ad Durayhimi,2025Q2,0.65625,1.186534834,0,-0.521,0
Ad Durayhimi,2025Q3,0.635416667,0.994579743,,0.671,0
Ad Durayhimi,2025Q4,0.64893617,1.234795967,0,0.643,0
Aden-Cluster28,2023Q4,0.349514563,0.723094435,0,-0.787666667,
Aden-Cluster28,2024Q1,0.312169312,0.758052412,2,-0.719,22
Aden-Cluster28,2024Q2,0.357142857,0.83231599,2,0.962,10
Aden-Cluster28,2024Q3,0.492957746,0.635000735,5,1.593333333,0
Aden-Cluster28,2024Q4,0.503496503,0.881218563,0,0.229666667,0
Aden-Cluster28,2025Q1,0.568493151,1.052716283,2,-1.094666667,30
Aden-Cluster28,2025Q2,0.608108108,1.185832618,1,-1.731,0
Aden-Cluster28,2025Q3,0.563380282,1.323489441,0,2.056333333,0
Adh Dhahir,2024Q2,0.857142857,1.144556189,5,-0.798,10
Adh Dhahir,2024Q3,0.644067797,1.052841564,0,1.811,0
Adh Dhahir,2024Q4,0.715789474,1.066912244,,1.601,0
Adh Dhahir,2025Q1,0.6,1.081364112,1,0.923,30
Adh Dhahir,2025Q2,0.739583333,1.096933625,0,-0.87,0
Adh Dhahir,2025Q3,0.680412371,1.176220613,0,2.039,0
Adh Dhahir,2025Q4,0.734693878,1.234795967,0,0.068,0
Adh Dhihar,2025Q4,0.544444444,1.049644287,1,-0.631,0
Adh Dhlia'ah,2023Q4,0.25,0.547298279,,0.885,
Adh Dhlia'ah,2024Q1,0,0.530858838,,0.382,22
Aflah Al Yaman,2023Q4,0.619047619,1.120629222,,1.844,
Aflah Al Yaman,2024Q1,0.9,1.128366965,,-0.096,22
Aflah Al Yaman,2024Q2,0.78125,1.154723506,1,-0.661,10
Aflah Al Yaman,2024Q3,0.730769231,1.170092437,,1.514,0
Aflah Al Yaman,2024Q4,0.628205128,1.182163517,,1.114,0
Aflah Al Yaman,2025Q1,0.654761905,1.134201207,,0.501,30
Aflah Al Yaman,2025Q2,0.8125,1.129657011,,-0.951,0
Aflah Al Yaman,2025Q3,0.835164835,1.135479122,,2.13,0
Aflah Al Yaman,2025Q4,0.806451613,1.234795967,,-0.078,0
Aflah Ash Sham,2024Q2,0.779069767,1.154723506,,-0.529,10
Aflah Ash Sham,2024Q3,0.85106383,1.170092437,,1.578,0
Aflah Ash Sham,2024Q4,0.722891566,1.182163517,,1.093,0
Aflah Ash Sham,2025Q1,0.7875,1.134201207,2,0.344,30
Aflah Ash Sham,2025Q2,0.84375,1.129657011,,-1.027,0
Aflah Ash Sham,2025Q3,0.833333333,1.135479122,,1.928,0
Aflah Ash Sham,2025Q4,0.722222222,1.234795967,,-0.032,0
Aflah Ash Shawm,2023Q4,0.666666667,1.120629222,,2.22,
Aflah Ash Shawm,2024Q1,0.8,1.128366965,,0.261,22
Ahwar,2025Q4,0.701030928,1.053674796,1,-0.824,0
Ain,2023Q4,0.5,0.807642028,1,1.382,
Ain,2024Q1,0.454545455,0.762830211,11,0.501,22
Al  Hawtah,2023Q4,0.2,0.761818923,4,-0.115,
Al  Hawtah,2024Q1,0,0.867346849,2,-0.806,22
Al Abdiyah,2023Q4,0.87628866,1.21618788,2,1.105,
Al Abdiyah,2024Q1,0.842105263,1.367739582,4,0.236,22
Al Abdiyah,2024Q2,0.796116505,1.18980889,6,0.704,10
Al Abdiyah,2024Q3,0.825688073,1.171426268,7,1.603,0
Al Abdiyah,2024Q4,0.835051546,1.079169538,,1.972,0
Al Abdiyah,2025Q1,0.760869565,1.084091124,,-0.997,30
Al Abdiyah,2025Q2,0.836956522,1.036563915,10,-1.387,0
Al Abdiyah,2025Q3,0.806451613,1.360286486,1,0.881,0
Al Abdiyah,2025Q4,0.824175824,2.259851986,0,0.443,0
Al Abr,2023Q4,0.642857143,0.547298279,0,-0.41,
Al Abr,2024Q1,0.655172414,0.530858838,1,0.289,22
Al Abr,2024Q2,0.628205128,0.528592469,0,1.395,10
Al Abr,2024Q3,0.650793651,0.498485402,,1.217,0
Al Abr,2024Q4,0.731343284,0.498376723,1,-0.345,0
Al Abr,2025Q1,0.592105263,0.510666955,1,-1.22,30
Al Abr,2025Q2,0.75,0.486644666,2,-1.657,0
Al Abr,2025Q3,0.682539683,0.604958937,,0.767,0
Al Abr,2025Q4,0.711111111,0.701494931,6,0.087,0
Al Arsh,2025Q3,0.827956989,1.173922384,,1.149,0
Al Arsh,2025Q4,0.793478261,1.234795967,,-0.422,0
Al Ashah,2023Q4,0.609756098,0.966621452,,1.135,
Al Ashah,2024Q1,0.68627451,0.950594043,,-0.274,22
Al Ashah,2024Q2,0.762886598,1.21414658,,-0.595,10
Al Ashah,2024Q3,0.789473684,1.360544218,,2.011,0
Al Ashah,2024Q4,0.628865979,1.360544218,,1.85,0
Al Ashah,2025Q1,0.658536585,1.129769223,,0.437,30
Al Ashah,2025Q2,0.684210526,1.096933625,0,-1.606,0
Al Ashah,2025Q3,0.791666667,1.173922384,9,1.27,0
Al Ashah,2025Q4,0.615384615,1.234795967,,-0.555,0
Al Azariq,2023Q4,0.641025641,1.127554616,3,0.336,
Al Azariq,2024Q1,0.617647059,1.19441016,3,-0.435,22
Al Azariq,2024Q2,0.659793814,1.344589468,1,1.362,10
Al Azariq,2024Q3,0.757575758,1.397428731,29,2.1,0
Al Azariq,2024Q4,0.769911504,1.378628353,9,1.193,0
Al Azariq,2025Q1,0.761904762,1.336748369,57,-1.019,30
Al Azariq,2025Q2,0.798076923,1.215860213,,-1.083,0
Al Azariq,2025Q3,0.773913043,1.270102827,,1.482,0
Al Azariq,2025Q4,0.787234043,1.453167054,0,-0.426,0
Al Bayda,2025Q4,0.8,1.060705372,,-0.849,0
Al Bayda City,2025Q4,0.813186813,1.234795967,,-0.766,0
Al Bayda-Cluster6,2023Q4,0.855263158,1.576197038,20,0.73,
Al Bayda-Cluster6,2024Q1,0.637681159,1.506659077,19,-0.12025,22
Al Bayda-Cluster6,2024Q2,0.817204301,1.507723509,0,1.11225,10
Al Bayda-Cluster6,2024Q3,0.779069767,1.491040562,0,1.89525,0
Al Bayda-Cluster6,2024Q4,0.811764706,1.547895694,0,1.85675,0
Al Bayda-Cluster6,2025Q1,0.755813953,1.610671767,1,-0.86175,30
Al Bayda-Cluster6,2025Q2,0.861702128,1.61440967,2,-1.2575,0
Al Bayda-Cluster6,2025Q3,0.838709677,1.723269505,3,0.86125,0
Al Bayda-Cluster6,2025Q4,0.854166667,2.47385358,0,-0.05125,0
Al Bayda-Cluster7,2023Q4,0.641025641,1.152674602,3,-0.09625,
Al Bayda-Cluster7,2024Q1,0.671428571,1.050626468,5,-0.739,22
Al Bayda-Cluster7,2024Q2,0.622222222,0.984901127,0,0.99075,10
Al Bayda-Cluster7,2024Q3,0.77,1.022039039,6,2.15225,0
Al Bayda-Cluster7,2024Q4,0.762376238,1.045610131,0,1.64425,0
Al Bayda-Cluster7,2025Q1,0.717171717,1.043162795,5,-1.14575,30
Al Bayda-Cluster7,2025Q2,0.683673469,1.022575441,8,-1.6585,0
Al Bayda-Cluster7,2025Q3,0.755555556,1.066708721,4,0.40975,0
Al Bayda-Cluster7,2025Q4,0.867924528,2.47385358,1,-0.743,0
Al Bayda-Cluster8,2023Q4,0.572916667,1.158485125,1,0.0425,
Al Bayda-Cluster8,2024Q1,0.607407407,1.151074863,19,-0.3415,22
Al Bayda-Cluster8,2024Q2,0.627272727,1.138324826,16,0.9755,10
Al Bayda-Cluster8,2024Q3,0.742268041,1.129068973,6,1.671,0
Al Bayda-Cluster8,2024Q4,0.772277228,1.129809664,5,1.9755,0
Al Bayda-Cluster8,2025Q1,0.81,1.178113688,12,-1.253,30
Al Bayda-Cluster8,2025Q2,0.770833333,1.171241896,8,-1.2825,0
Al Buraiqeh,2023Q4,0.344827586,0.712744869,1,-0.334,
Al Buraiqeh,2024Q1,0.317567568,0.711245984,0,-0.672,22
Al Burayqah,2024Q2,0.507462687,0.723091344,2,1.329,10
Al Burayqah,2024Q3,0.66025641,0.592276138,1,1.213,0
Al Burayqah,2024Q4,0.586466165,0.699470854,,0.23,0
Al Burayqah,2025Q1,0.588235294,0.798055655,0,-1.515,30
Al Burayqah,2025Q2,0.639455782,0.913842005,2,-1.412,0
Al Burayqah,2025Q3,0.668965517,1.014328723,1,1.996,0
Al Burayqah,2025Q4,0.537190083,0.689532188,0,-0.292,0
Al Dhaher,2023Q4,0.5,1.304467931,17,2.048,
Al Dhaher,2024Q1,0.5,1.340292341,,-0.404,22
Al Garrahi,2023Q4,0.65625,1.026979758,,1.235,
Al Garrahi,2024Q1,0.375,1.016856133,0,0.458,22
Al Ghayl,2025Q4,0.774647887,1.234795967,,0.027,0
Al Had,2023Q4,0.775510204,0.780325964,2,-0.102,
Al Had,2024Q1,0.737704918,0.842134752,0,-0.513,22
Al Had,2024Q2,0.819148936,0.791347612,34,0.953,10
Al Had,2024Q3,0.777777778,0.788507878,18,2.29,0
Al Had,2024Q4,0.84,0.716043493,7,1.355,0
Al Had,2025Q1,0.818181818,0.684042739,8,-0.789,30
Al Had,2025Q2,0.791666667,0.650640145,65,-1.452,0
Al Had,2025Q3,0.840425532,0.748137043,11,0.102,0
Al Had,2025Q4,0.776595745,0.838816782,8,-0.814,0
Al Hada,2025Q3,0.52688172,1.080535946,1,0.635,0
Al Hada,2025Q4,0.5,1.234795967,4,-0.159,0
Al Hajjaylah,2023Q4,0.285714286,1.026979758,,1.068,
Al Hajjaylah,2024Q1,0.25,1.016856133,,0.282,22
Al Hali,2023Q4,0.20754717,1.026979758,2,0.795,
Al Hali,2024Q1,0.363636364,1.016856133,2,0.236,22
Al Hali,2024Q2,0.268817204,1.056931718,4,0.936,10
Al Hali,2024Q3,0.484848485,1.092756147,14,0.707,0
Al Hali,2024Q4,0.490196078,1.12200308,4,1.591,0
Al Hali,2025Q1,0.57,1.120113309,4,-0.306,30
Al Hali,2025Q2,0.670103093,1.186534834,4,-1.385,0
Al Hali,2025Q3,0.632653061,0.994579743,7,0.83,0
Al Hali,2025Q4,0.684210526,1.234795967,,0.283,0
Al Hasayn,2024Q2,0.76744186,1.344589468,,1.063,10
Al Hasayn,2024Q3,0.744680851,1.397428731,,2.528,0
Al Hasayn,2024Q4,0.804347826,1.378628353,,1.134,0
Al Hasayn,2025Q1,0.711111111,1.336748369,,-1.124,30
Al Hasayn,2025Q2,0.784946237,1.215860213,,-1.234,0
Al Hasayn,2025Q3,0.842105263,1.270102827,,0.855,0
Al Hasayn,2025Q4,0.673913043,1.453167054,,-0.203,0
Al Hashwah,2024Q2,0.741935484,1.268245454,,-0.502,10
Al Hashwah,2024Q3,0.615384615,1.253160114,,1.975,0
Al Hashwah,2024Q4,0.627659574,1.259224486,,2.465,0
Al Hashwah,2025Q1,0.666666667,1.266917532,,0.275,30
Al Hashwah,2025Q2,0.64516129,1.096933625,,-1.505,0
Al Hashwah,2025Q3,0.622222222,1.266742473,2,1.744,0
Al Hashwah,2025Q4,0.604166667,1.234795967,,0.305,0
Al Hawak,2023Q4,0.111111111,1.026979758,0,0.682,
Al Hawak,2024Q1,0.233333333,1.016856133,1,0.335,22
Al Hawak,2024Q2,0.336633663,1.056931718,16,0.911,10
Al Hawak,2024Q3,0.391752577,1.092756147,1,0.658,0
Al Hawak,2024Q4,0.405940594,1.12200308,1,1.576,0
Al Hawak,2025Q1,0.4375,1.120113309,0,-0.119,30
Al Hawak,2025Q2,0.448979592,1.186534834,12,-1.196,0
Al Hawak,2025Q3,0.583333333,0.994579743,2,0.739,0
Al Hawak,2025Q4,0.425531915,1.234795967,,0.486,0
Al Hawtah,2024Q2,0.505494505,0.79257904,,1.312,10
Al Hawtah,2024Q3,0.591397849,0.758802552,,0.907,0
Al Hawtah,2024Q4,0.52688172,0.686605224,0,0.137,0
Al Hawtah,2025Q1,0.650485437,0.674247804,0,-1.397,30
Al Hawtah,2025Q2,0.677419355,0.650164709,,-1.127,0
Al Hawtah,2025Q3,0.536082474,0.728801485,0,2.405,0
Al Hawtah,2025Q4,0.588235294,0.820000316,0,-0.649,0
Al Haymah Ad Dakhiliyah,2023Q4,0.428571429,1.004763322,,0.838,
Al Haymah Ad Dakhiliyah,2024Q1,0.414634146,1.004763322,,0.007,22
Al Haymah Ad Dakhiliyah,2024Q2,0.458333333,1.061153907,,-0.385,10
Al Haymah Ad Dakhiliyah,2024Q3,0.520833333,1.091791347,0,1.267,0
Al Haymah Ad Dakhiliyah,2024Q4,0.479591837,1.091791347,,1.444,0
Al Haymah Ad Dakhiliyah,2025Q1,0.541666667,1.129769223,,0.324,30
Al Haymah Ad Dakhiliyah,2025Q2,0.5625,1.096933625,0,-1.314,0
Al Haymah Ad Dakhiliyah,2025Q3,0.537634409,1.173922384,,1.51,0
Al Haymah Ad Dakhiliyah,2025Q4,0.4375,1.234795967,,-0.913,0
Al Haymah Al Kharijiyah,2025Q3,0.612244898,1.173922384,,1.112,0
Al Haymah Al Kharijiyah,2025Q4,0.6,1.234795967,,-0.7,0
Al Hazm,2023Q4,0.537688442,1.122622723,5,1.794,
Al Hazm,2024Q1,0.567251462,1.138800961,8,0.168,22
Al Hazm,2024Q2,0.602409639,1.16141129,6,-0.399,10
Al Hazm,2024Q3,0.631578947,1.167453316,3,1.393,0
Al Hazm,2024Q4,0.55,1.180778345,2,0.85,0
Al Hazm,2025Q1,0.705263158,1.129769223,26,-0.562,30
Al Hazm,2025Q2,0.712765957,1.096933625,4,-1.568,0
Al Hazm,2025Q3,0.691489362,1.173922384,12,1.032,0
Al Hazm,2025Q4,0.642105263,1.234795967,13,-0.028,0
Al Hissn,2024Q2,0.53271028,1.061153907,,0.436,10
Al Hissn,2024Q3,0.54,1.091791347,,1.279,0
Al Hissn,2024Q4,0.424242424,1.091791347,,1.806,0
Al Hissn,2025Q1,0.525773196,1.129769223,,-0.479,30
Al Hissn,2025Q2,0.541666667,1.096933625,4,-1.144,0
Al Hissn,2025Q3,0.638297872,1.173922384,3,0.682,0
Al Hissn,2025Q4,0.451612903,1.234795967,,0.169,0
Al Hodeidah-Cluster16,2023Q4,0.25,1.026979758,,2.3935,
Al Hodeidah-Cluster16,2024Q2,0.313432836,1.056931718,8,-0.3045,10
Al Hodeidah-Cluster16,2024Q3,0.373493976,1.092756147,1,1.3945,0
Al Hodeidah-Cluster16,2024Q4,0.344086022,1.12200308,9,1.2205,0
Al Hodeidah-Cluster16,2025Q1,0.395604396,1.120113309,5,-0.2045,30
Al Hodeidah-Cluster16,2025Q2,0.566666667,1.186534834,86,-0.9365,0
Al Hodeidah-Cluster16,2025Q3,0.4625,0.994579743,0,1.3415,0
Al Hodeidah-Cluster16,2025Q4,0.471428571,1.234795967,3,0.2715,0
Al Hodeidah-Cluster17,2023Q4,0.444444444,1.113807277,27,1.5965,
Al Hodeidah-Cluster17,2024Q1,0.395061728,1.214301999,12,0.7215,22
Al Hodeidah-Cluster17,2024Q2,0.479166667,1.069661136,19,1.3855,10
Al Hodeidah-Cluster17,2024Q3,0.604395604,1.02946367,5,0.897,0
Al Hodeidah-Cluster17,2024Q4,0.561904762,1.035680241,25,1.2505,0
Al Hodeidah-Cluster17,2025Q1,0.586538462,0.985065205,2,-0.186,30
Al Hujjaylah,2024Q2,0.623655914,1.056931718,,-0.186,10
Al Hujjaylah,2024Q3,0.655555556,1.092756147,,0.979,0
Al Hujjaylah,2024Q4,0.671052632,1.12200308,,1.22,0
Al Hujjaylah,2025Q1,0.586206897,1.120113309,,0.05,30
Al Hujjaylah,2025Q2,0.770833333,1.186534834,,-1.121,0
Al Hujjaylah,2025Q3,0.72826087,0.994579743,,1.678,0
Al Hujjaylah,2025Q4,0.739130435,1.234795967,,-0.338,0
Al Humaydat,2023Q4,0.592592593,1.122622723,,1.643,
Al Humaydat,2024Q1,0.681818182,1.138800961,,0.612,22
Al Humaydat,2024Q2,0.842105263,1.16141129,1,-0.621,10
Al Humaydat,2024Q3,0.786516854,1.167453316,,1.771,0
Al Humaydat,2024Q4,0.786666667,1.180778345,,2.475,0
Al Humaydat,2025Q1,0.722222222,1.129769223,3,-0.119,30
Al Humaydat,2025Q2,0.8125,1.096933625,,-1.607,0
Al Humaydat,2025Q3,0.739130435,1.173922384,2,1.683,0
Al Humaydat,2025Q4,0.757575758,1.234795967,1,0.116,0
Al Husha,2023Q4,0.714285714,1.127554616,8,0.723,
Al Husha,2024Q1,0.625,1.19441016,9,-0.503,22
Al Husha,2024Q2,0.652631579,1.344589468,,1.464,10
Al Husha,2024Q3,0.7,1.397428731,3,1.879,0
Al Husha,2024Q4,0.757575758,1.378628353,,1.452,0
Al Husha,2025Q1,0.71875,1.336748369,0,-1.188,30
Al Husha,2025Q2,0.760416667,1.215860213,,-1.102,0
Al Husha,2025Q3,0.706521739,1.270102827,3,1.468,0
Al Husha,2025Q4,0.7,1.453167054,,-0.229,0
Al Husn,2023Q4,0,1.004763322,,0.929,
Al Husn,2024Q1,0.2,1.004763322,,-0.333,22
Al Hussein,2023Q4,0.608695652,1.127554616,,0.216,
Al Hussein,2024Q1,0.5,1.19441016,,-0.639,22
Al Ja'fariyyah,2024Q2,0.568421053,0.811652176,,0.342,10
Al Ja'fariyyah,2024Q3,0.567010309,0.846048183,,1.047,0
Al Ja'fariyyah,2024Q4,0.659793814,0.796424296,,1.453,0
Al Ja'fariyyah,2025Q1,0.721649485,0.796739645,,0.09,30
Al Ja'fariyyah,2025Q2,0.78125,0.797047543,,-0.833,0
Al Ja'fariyyah,2025Q3,0.760416667,1.173922384,,0.894,0
Al Ja'fariyyah,2025Q4,0.626373626,1.234795967,0,-0.406,0
Al Jabin,2023Q4,0.585185185,0.921588024,,1.299,
Al Jabin,2024Q1,0.589041096,0.930752048,,0.719,22
Al Jabin,2024Q2,0.679012346,0.98163882,2,-0.139,10
Al Jabin,2024Q3,0.711340206,1.033051054,0,1.018,0
Al Jabin,2024Q4,0.666666667,0.997471755,0,1.347,0
Al Jabin,2025Q1,0.608247423,0.998280191,,0.154,30
Al Jabin,2025Q2,0.65625,0.999070172,0,-0.972,0
Al Jabin,2025Q3,0.704081633,1.173922384,0,0.813,0
Al Jabin,2025Q4,0.666666667,1.234795967,,-0.633,0
Al Jafariyah,2023Q4,0.563758389,0.739787943,,1.144,
Al Jafariyah,2024Q1,0.656626506,0.831656049,,0.747,22
Al Jamimah,2023Q4,0.611111111,1.120629222,,1.833,
Al Jamimah,2024Q1,0.6,1.128366965,,-0.261,22
Al Jamimah,2024Q2,0.736842105,1.154723506,,-0.498,10
Al Jamimah,2024Q3,0.770833333,1.170092437,,1.705,0
Al Jamimah,2024Q4,0.731958763,1.182163517,,1.103,0
Al Jamimah,2025Q1,0.688172043,1.134201207,,0.256,30
Al Jamimah,2025Q2,0.78125,1.129657011,,-1.04,0
Al Jamimah,2025Q3,0.747252747,1.135479122,,1.8,0
Al Jamimah,2025Q4,0.637362637,1.234795967,,-0.399,0
Al Jarrahi,2024Q2,0.6,1.056931718,0,1.463,10
Al Jarrahi,2024Q3,0.614583333,1.092756147,0,0.858,0
Al Jarrahi,2024Q4,0.628865979,1.12200308,0,1.452,0
Al Jarrahi,2025Q1,0.708333333,1.120113309,1,-0.171,30
Al Jarrahi,2025Q2,0.708333333,1.186534834,,-0.94,0
Al Jarrahi,2025Q3,0.589473684,0.994579743,,1.315,0
Al Jarrahi,2025Q4,0.555555556,1.234795967,,0.457,0
Al Jawf-Cluster14,2023Q4,0.571428571,1.122622723,0,1.8115,
Al Jawf-Cluster14,2024Q1,0.68852459,1.138800961,1,-0.0475,22
Al Jawf-Cluster14,2024Q2,0.728571429,1.16141129,1,-0.329,10
Al Jawf-Cluster14,2024Q3,0.744680851,1.167453316,,1.5015,0
Al Jawf-Cluster14,2024Q4,0.71875,1.180778345,1,0.9635,0
Al Jawf-Cluster14,2025Q1,0.720430108,1.129769223,4,-0.4625,30
Al Jawf-Cluster14,2025Q2,0.75,1.096933625,4,-1.561,0
Al Jawf-Cluster14,2025Q3,0.833333333,1.173922384,0,0.923,0
Al Khabt,2023Q4,0.383333333,0.893359767,,2.018,
Al Khabt,2024Q1,0.413793103,0.939868027,,0.571,22
Al Khabt,2024Q2,0.194805195,0.972066232,,-0.328,10
Al Khabt,2024Q3,0.416666667,1.000905277,,1.201,0
Al Khabt,2024Q4,0.350515464,1.101028893,,1.025,0
Al Khabt,2025Q1,0.422680412,1.089242788,,0.953,30
Al Khabt,2025Q2,0.526315789,1.096933625,,-0.839,0
Al Khabt,2025Q3,0.46875,1.173922384,,1.719,0
Al Khabt,2025Q4,0.533333333,1.234795967,,-0.031,0
Al Khalaq,2025Q4,0.765957447,1.234795967,,0.024,0
Al Khawkhah,2023Q4,0,0.897304074,0,0.95,
Al Khawkhah,2024Q1,0.454545455,0.870925182,1,0.717,22
Al Khukhah,2024Q2,0.557894737,0.981781047,0,1.662,10
Al Khukhah,2024Q3,0.517857143,1.027047898,,0.712,0
Al Khukhah,2024Q4,0.494623656,1.045543834,3,1.538,0
Al Khukhah,2025Q1,0.5,1.045543834,1,-0.036,30
Al Khukhah,2025Q2,0.572916667,1.043449954,11,-1.318,0
Al Khukhah,2025Q3,0.611111111,0.994579743,,1.371,0
Al Khukhah,2025Q4,0.677777778,1.234795967,,0.121,0
Al Ma'afer,2025Q3,0.688888889,1.118747147,,1.864,0
Al Ma'afer,2025Q4,0.588888889,1.086515111,0,-0.601,0
Al Madan,2023Q4,0.636363636,0.96894526,,1.41,
Al Madan,2024Q1,0.4,0.970454015,,-0.004,22
Al Madan,2024Q2,0.642857143,1.271859942,,-0.725,10
Al Madan,2024Q3,0.729166667,1.576044129,0,1.789,0
Al Madan,2024Q4,0.76,1.576044129,,1.599,0
Al Madan,2025Q1,0.739583333,1.129769223,,0.602,30
Al Madan,2025Q2,0.739583333,1.096933625,,-1.483,0
Al Madan,2025Q3,0.747252747,1.173922384,,1.8,0
Al Madan,2025Q4,0.813186813,1.234795967,,-0.536,0
Al Madaribah Wa Al Aarah,2024Q2,0.535353535,0.791347612,2,1.138,10
Al Madaribah Wa Al Aarah,2024Q3,0.625,0.788507878,0,1.558,0
Al Madaribah Wa Al Aarah,2024Q4,0.621212121,0.716043493,1,0.152,0
Al Madaribah Wa Al Aarah,2025Q1,0.633333333,0.684042739,2,-1.08,30
Al Madaribah Wa Al Aarah,2025Q2,0.736842105,0.650640145,0,-1.595,0
Al Madaribah Wa Al Aarah,2025Q3,0.6,0.748137043,2,2.285,0
Al Madaribah Wa Al Aarah,2025Q4,0.608695652,0.838816782,0,-0.901,0
Al Madaribah Wa Al Arah,2023Q4,0.25,0.780325964,1,-0.386,
Al Madaribah Wa Al Arah,2024Q1,0.625,0.842134752,0,0.011,22
Al Maflahi,2024Q2,0.682926829,0.790187972,,0.848,10
Al Maflahi,2024Q3,0.821428571,0.816796901,,2.51,0
Al Maflahi,2024Q4,0.694736842,0.743162844,,1.241,0
Al Maflahi,2025Q1,0.773195876,0.692806347,,-0.7,30
Al Maflahi,2025Q2,0.864583333,0.651071208,,-1.557,0
Al Maflahi,2025Q3,0.765957447,0.765639874,,0.496,0
Al Maflahi,2025Q4,0.722222222,0.856739259,,-0.485,0
Al Maflahy,2023Q4,1,0.797645935,,0.004,
Al Maflahy,2024Q1,0.75,0.818920092,,-0.507,22
Al Maghrabah,2023Q4,0.555555556,1.120629222,,1.259,
Al Maghrabah,2024Q1,0.764705882,1.128366965,,-0.362,22
Al Maghrabah,2024Q2,0.804878049,1.154723506,,-0.665,10
Al Maghrabah,2024Q3,0.76344086,1.170092437,,1.752,0
Al Maghrabah,2024Q4,0.788888889,1.182163517,,1.145,0
Al Maghrabah,2025Q1,0.737373737,1.134201207,,0.134,30
Al Maghrabah,2025Q2,0.842105263,1.129657011,,-1.249,0
Al Maghrabah,2025Q3,0.75257732,1.135479122,,1.859,0
Al Maghrabah,2025Q4,0.733333333,1.234795967,,-0.335,0
Al Mahabishah,2023Q4,0.428571429,1.114076387,,1.615,
Al Mahabishah,2024Q1,0.318181818,1.128067442,,-0.389,22
Al Mahabishah,2024Q2,0.420560748,1.167156224,,-0.563,10
Al Mahabishah,2024Q3,0.587628866,1.17297753,0,1.595,0
Al Mahabishah,2024Q4,0.635416667,1.207747702,,1.3,0
Al Mahabishah,2025Q1,0.697916667,1.167363437,,0.306,30
Al Mahabishah,2025Q2,0.670103093,1.160926129,0,-0.933,0
Al Mahabishah,2025Q3,0.587628866,1.153068635,,1.934,0
Al Mahabishah,2025Q4,0.635416667,1.234795967,,-0.429,0
Al Maharah-Cluster33,2023Q4,0.495049505,1.652740795,,2.768666667,
Al Maharah-Cluster33,2024Q1,0.444444444,1.380539118,1,0.211666667,22
Al Maharah-Cluster33,2024Q2,0.511363636,1.211826181,,0.875333333,10
Al Maharah-Cluster33,2024Q3,0.558441558,1.236892457,,2.066333333,0
Al Maharah-Cluster33,2024Q4,0.44,1.034355107,,-0.058666667,0
Al Maharah-Cluster33,2025Q1,0.53164557,0.910967357,,-0.586666667,30
Al Maharah-Cluster33,2025Q2,0.571428571,1.046674266,,-1.324333333,0
Al Maharah-Cluster33,2025Q3,0.606382979,0.966118639,,1.002333333,0
Al Maharah-Cluster33,2025Q4,0.637362637,1.359610542,,0.140333333,0
Al Maharah-Cluster34,2023Q4,0.335180055,0.967051185,,3.5365,
Al Maharah-Cluster34,2024Q1,0.321428571,0.818019808,,0.4775,22
Al Maharah-Cluster34,2024Q2,0.358333333,0.863211764,1,1.079,10
Al Maharah-Cluster34,2024Q3,0.458762887,1.072305432,,1.793,0
Al Maharah-Cluster34,2024Q4,0.464285714,0.895891008,,-0.219,0
Al Maharah-Cluster34,2025Q1,0.489795918,0.803111364,0,-0.489,30
Al Maharah-Cluster34,2025Q2,0.612903226,0.830269856,,-0.909,0
Al Maharah-Cluster34,2025Q3,0.497297297,1.024814401,3,1.5215,0
Al Maharah-Cluster34,2025Q4,0.5,1.265756887,0,-0.44,0
Al Maharah-Cluster35,2023Q4,0.357142857,1.472464906,,1.464333333,
Al Maharah-Cluster35,2024Q1,0.454545455,1.372620791,,0.273333333,22
Al Maharah-Cluster35,2024Q2,0.43697479,1.323607271,,0.375666667,10
Al Maharah-Cluster35,2024Q3,0.504201681,1.538093327,,1.920666667,0
Al Maharah-Cluster35,2024Q4,0.540816327,1.226119663,,0.082666667,0
Al Maharah-Cluster35,2025Q1,0.539823009,1.084110044,,-0.720333333,30
Al Maharah-Cluster35,2025Q2,0.563492063,1.07457276,,-1.221666667,0
Al Maharah-Cluster35,2025Q3,0.603448276,1.255824713,,1.655,0
Al Maharah-Cluster35,2025Q4,0.472527473,1.486129458,,-0.141333333,0
Al Mahfad,2025Q4,0.714285714,1.053674796,12,-0.303,0
Al Mahwait,2023Q4,0.344262295,1.001350313,,1.281,
Al Mahwait,2024Q1,0.454545455,1.020915349,,0.369,22
Al Mahwait City,2023Q4,0.4,1.011936681,,,
Al Mahwait City,2024Q1,0.367346939,1.018132275,,,22
Al Mahwit,2024Q2,0.382022472,1.047135747,,-0.338,10
Al Mahwit,2024Q3,0.463917526,1.0702168,,1.159,0
Al Mahwit,2024Q4,0.364583333,1.127734519,,1.221,0
Al Mahwit,2025Q1,0.432692308,1.16388995,,0.484,30
Al Mahwit,2025Q2,0.510416667,1.096933625,,-1.048,0
Al Mahwit,2025Q3,0.47311828,1.173922384,,1.489,0
Al Mahwit,2025Q4,0.406593407,1.234795967,,-0.3,0
Al Mahwit City,2024Q2,0.494117647,1.035333002,0,,10
Al Mahwit City,2024Q3,0.35106383,1.062886677,,,0
Al Mahwit City,2024Q4,0.365591398,1.11730772,,,0
Al Mahwit City,2025Q1,0.376344086,1.174929504,,,30
Al Mahwit City,2025Q2,0.456521739,1.096933625,0,,0
Al Mahwit City,2025Q3,0.408602151,1.173922384,,,0
Al Mahwit City,2025Q4,0.355555556,1.234795967,,,0
Al Makha,2025Q4,0.56043956,1.053674796,0,-0.145,0
Al Makhadir,2023Q4,0.622222222,1.262508625,6,1.552,
Al Makhadir,2024Q1,0.6,1.193952812,1,-0.16,22
Al Makhadir,2024Q2,0.585106383,1.17660849,,0.897,10
Al Makhadir,2024Q3,0.75,1.136560562,0,1.704,0
Al Makhadir,2024Q4,0.72815534,1.09908526,2,0.78,0
Al Makhadir,2025Q1,0.744897959,1.006386204,5,-0.805,30
Al Makhadir,2025Q2,0.802083333,1.022427516,0,-0.935,0
Al Makhadir,2025Q3,0.726315789,1.108782212,2,1.172,0
Al Makhadir,2025Q4,0.582417582,1.095245822,0,-0.684,0
Al Malagim,2023Q4,0.538461538,1.576197038,2,0.351,
Al Malagim,2024Q1,0.777777778,1.506659077,,-0.265,22
Al Malah,2024Q2,0.702970297,0.791347612,,1.235,10
Al Malah,2024Q3,0.722222222,0.788507878,,1.656,0
Al Malah,2024Q4,0.791666667,0.716043493,,0.235,0
Al Malah,2025Q1,0.811111111,0.684042739,,-1.147,30
Al Malah,2025Q2,0.791666667,0.650640145,1,-1.044,0
Al Malah,2025Q3,0.82,0.748137043,,1.965,0
Al Malah,2025Q4,0.755555556,0.838816782,,-0.65,0
Al Malajim,2024Q2,0.673913043,1.507723509,0,1.225,10
Al Malajim,2024Q3,0.816326531,1.491040562,,1.986,0
Al Malajim,2024Q4,0.86,1.547895694,2,2.527,0
Al Malajim,2025Q1,0.804123711,1.610671767,,-0.908,30
Al Malajim,2025Q2,0.720430108,1.61440967,,-1.24,0
Al Malajim,2025Q3,0.739130435,1.723269505,,0.76,0
Al Malajim,2025Q4,0.833333333,2.47385358,3,-0.521,0
Al Manar,2023Q4,0.628571429,1.156397895,,1.464,
Al Manar,2024Q1,0.405405405,1.162363568,,-0.466,22
Al Manar,2024Q2,0.591836735,1.150078472,,0.431,10
Al Manar,2024Q3,0.591836735,1.140624951,0,1.274,0
Al Manar,2024Q4,0.597938144,1.154466633,,1.51,0
Al Manar,2025Q1,0.559139785,1.161934499,,-0.38,30
Al Manar,2025Q2,0.625,1.154629246,,-1.089,0
Al Manar,2025Q3,0.5,1.205202215,,0.716,0
Al Manar,2025Q4,0.543478261,1.234795967,,-0.65,0
Al Mansura,2023Q4,0.346938776,0.703249717,2,,
Al Mansura,2024Q1,0.404255319,0.669883597,0,,22
Al Mansurah,2024Q2,0.454545455,0.628735774,0,,10
Al Mansurah,2024Q3,0.631578947,0.555120625,0,,0
Al Mansurah,2024Q4,0.511278195,0.536349684,0,,0
Al Mansurah,2025Q1,0.576923077,0.552862229,0,,30
Al Mansurah,2025Q2,0.614814815,0.640712035,1,,0
Al Mansurah,2025Q3,0.625,0.713039308,0,,0
Al Mansurah,2025Q4,0.594594595,0.689532188,0,,0
Al Mansuriyah,2023Q4,0.4,1.026979758,,1.496,
Al Mansuriyah,2024Q1,0.384615385,1.016856133,,0.942,22
Al Mansuriyah,2024Q2,0.536842105,1.056931718,,0.504,10
Al Mansuriyah,2024Q3,0.645833333,1.092756147,,0.824,0
Al Mansuriyah,2024Q4,0.696969697,1.12200308,,1.898,0
Al Mansuriyah,2025Q1,0.616161616,1.120113309,,0.1,30
Al Mansuriyah,2025Q2,0.65625,1.186534834,4,-0.635,0
Al Mansuriyah,2025Q3,0.697916667,0.994579743,,0.838,0
Al Mansuriyah,2025Q4,0.569892473,1.234795967,,0.311,0
Al Maqatirah,2023Q4,0.636363636,0.780325964,0,-0.241,
Al Maqatirah,2024Q1,0.715736041,0.842134752,,-0.005,22
Al Maqatirah,2024Q2,0.75,0.791347612,,1.322,10
Al Maqatirah,2024Q3,0.721649485,0.788507878,,1.688,0
Al Maqatirah,2024Q4,0.776699029,0.716043493,,0.745,0
Al Maqatirah,2025Q1,0.722772277,0.684042739,1,-1.063,30
Al Maqatirah,2025Q2,0.760416667,0.650640145,,-1.206,0
Al Maqatirah,2025Q3,0.75,0.748137043,1,2.033,0
Al Maqatirah,2025Q4,0.766666667,0.838816782,7,-0.641,0
Al Marawi'ah,2023Q4,0.306122449,0.981354269,,1.74,
Al Marawi'ah,2024Q1,0.357142857,0.979911808,,0.457,22
Al Marawi'ah,2024Q2,0.510204082,1.200796892,2,0.661,10
Al Marawi'ah,2024Q3,0.608247423,1.326142693,0,0.749,0
Al Marawi'ah,2024Q4,0.591836735,1.242563321,,1.691,0
Al Marawi'ah,2025Q1,0.595959596,1.291258688,,-0.253,30
Al Marawi'ah,2025Q2,0.729166667,1.434419446,0,-0.521,0
Al Marawi'ah,2025Q3,0.659793814,0.994579743,1,1.048,0
Al Marawi'ah,2025Q4,0.638297872,1.234795967,,0.448,0
Al Mashannah,2025Q4,0.577777778,0.953662675,1,,0
Al Maslub,2023Q4,0.777777778,1.122622723,,1.848,
Al Maslub,2024Q1,0.696969697,1.138800961,1,0.158,22
Al Maslub,2024Q2,0.698924731,1.16141129,0,-0.395,10
Al Maslub,2024Q3,0.770833333,1.167453316,0,1.536,0
Al Maslub,2024Q4,0.873684211,1.180778345,0,1.758,0
Al Maslub,2025Q1,0.759493671,1.129769223,,-0.679,30
Al Maslub,2025Q2,0.78021978,1.096933625,,-1.535,0
Al Maslub,2025Q3,0.8,1.173922384,,1.174,0
Al Maslub,2025Q4,0.76119403,1.234795967,2,-0.014,0
Al Matammah,2023Q4,0.363636364,1.122622723,,1.703,
Al Matammah,2024Q1,0.75,1.138800961,,0.23,22
Al Matammah,2024Q2,0.673267327,1.16141129,1,-0.495,10
Al Matammah,2024Q3,0.659340659,1.167453316,,1.679,0
Al Matammah,2024Q4,0.697368421,1.180778345,0,1.797,0
Al Matammah,2025Q1,0.726190476,1.129769223,3,-0.532,30
Al Matammah,2025Q2,0.729166667,1.096933625,,-1.525,0
Al Matammah,2025Q3,0.642105263,1.173922384,,1.35,0
Al Matammah,2025Q4,0.72826087,1.234795967,,0.08,0
Al Maton,2023Q4,0.602040816,1.122622723,,1.804,
Al Maton,2024Q1,0.619402985,1.138800961,1,0.185,22
Al Mawasit,2023Q4,0.641025641,0.864107428,0,0.147,
Al Mawasit,2024Q1,0.711111111,0.860485516,0,-0.135,22
Al Mawasit,2024Q2,0.64,0.860652383,,1.786,10
Al Mawasit,2024Q3,0.588235294,0.799139316,,1.426,0
Al Mawasit,2024Q4,0.804878049,0.745477211,,0.832,0
Al Mawasit,2025Q1,0.711111111,0.693493855,,-0.919,30
Al Mawasit,2025Q2,0.760416667,0.656054021,,-0.902,0
Al Mawasit,2025Q3,0.786666667,0.685216903,2,1.931,0
Al Mawasit,2025Q4,0.549450549,0.701539945,0,-0.559,0
Al Miftah,2023Q4,0.526315789,1.120629222,,1.679,
Al Miftah,2024Q1,0.6,1.128366965,,-0.402,22
Al Miftah,2024Q2,0.590909091,1.154723506,,-0.499,10
Al Miftah,2024Q3,0.677083333,1.170092437,,1.517,0
Al Miftah,2024Q4,0.68,1.182163517,,1.102,0
Al Miftah,2025Q1,0.6,1.134201207,,0.079,30
Al Miftah,2025Q2,0.78125,1.129657011,,-1.017,0
Al Miftah,2025Q3,0.722222222,1.135479122,,1.917,0
Al Miftah,2025Q4,0.611111111,1.234795967,,-0.265,0
Al Mighlaf,2023Q4,0.533333333,1.026979758,,2.143,
Al Mighlaf,2024Q1,0.5,1.016856133,,0.852,22
Al Mighlaf,2024Q2,0.577319588,1.056931718,,0.457,10
Al Mighlaf,2024Q3,0.693069307,1.092756147,,1.015,0
Al Mighlaf,2024Q4,0.618556701,1.12200308,,1.116,0
Al Mighlaf,2025Q1,0.684782609,1.120113309,,0.972,30
Al Mighlaf,2025Q2,0.694736842,1.186534834,,-0.865,0
Al Mighlaf,2025Q3,0.681318681,0.994579743,,1.207,0
Al Mighlaf,2025Q4,0.735849057,1.234795967,,0.194,0
Al Milah,2023Q4,0.5,0.780325964,,-0.218,
Al Milah,2024Q1,1,0.842134752,1,-0.656,22
Al Mina,2023Q4,0.357142857,1.026979758,,,
Al Mina,2024Q1,0.5,1.016856133,0,,22
Al Mina,2024Q2,0.351648352,1.056931718,,,10
Al Mina,2024Q3,0.428571429,1.092756147,,,0
Al Mina,2024Q4,0.589473684,1.12200308,0,,0
Al Mina,2025Q1,0.525252525,1.120113309,12,,30
Al Mina,2025Q2,0.494623656,1.186534834,1,,0
Al Mina,2025Q3,0.531914894,0.994579743,0,,0
Al Mina,2025Q4,0.511111111,1.234795967,,,0
Al Misrakh,2023Q4,0.695652174,0.864107428,,0.715,
Al Misrakh,2024Q1,0.666666667,0.860485516,4,0.393,22
Al Misrakh,2024Q2,0.580645161,0.860652383,0,1.913,10
Al Misrakh,2024Q3,0.590361446,0.799139316,2,1.142,0
Al Misrakh,2024Q4,0.75,0.745477211,0,0.774,0
Al Misrakh,2025Q1,0.698924731,0.693493855,6,-0.493,30
Al Misrakh,2025Q2,0.795698925,0.656054021,,-0.935,0
Al Misrakh,2025Q3,0.782608696,0.685216903,,1.586,0
Al Misrakh,2025Q4,0.595744681,0.701539945,0,-0.486,0
Al Mu'alla,2025Q4,0.563829787,1.920283411,0,,0
Al Mudhaffar,2025Q2,0.583333333,0.756751594,1,,0
Al Mudhaffar,2025Q3,0.646464646,0.885678221,2,,0
Al Mudhaffar,2025Q4,0.431578947,1.053674796,6,,0
Al Mukalla,2023Q4,0.354166667,0.509291564,,0.252,
Al Mukalla,2024Q1,0.359649123,0.510204082,,0.598,22
Al Mukalla,2024Q2,0.510204082,0.54109843,,-0.349,10
Al Mukalla,2024Q3,0.517647059,0.518326294,,1.377,0
Al Mukalla,2024Q4,0.583333333,0.522516422,,1.552,0
Al Mukalla,2025Q1,0.65625,0.510585354,,-1.1,30
Al Mukalla,2025Q2,0.634408602,0.482223489,,-1.488,0
Al Mukalla,2025Q3,0.716216216,0.567578375,,0.398,0
Al Mukalla,2025Q4,0.622222222,0.61876125,,-0.259,0
Al Mukalla City,2023Q4,1,0.547298279,0,0.347,
Al Mukalla City,2024Q1,1,0.530858838,,-0.043,22
Al Mukalla City,2024Q2,0.554347826,0.528592469,1,0.287,10
Al Mukalla City,2024Q3,0.489130435,0.498485402,0,2.134,0
Al Mukalla City,2024Q4,0.52173913,0.354757411,1,0.392,0
Al Mukalla City,2025Q1,0.645833333,0.439029605,0,-0.595,30
Al Mukalla City,2025Q2,0.760416667,0.482864141,,-0.699,0
Al Mukalla City,2025Q3,0.705263158,0.648087732,0,0.76,0
Al Mukalla City,2025Q4,0.7,0.56282583,1,-0.006,0
Al Munirah,2023Q4,0.181818182,1.026979758,,2.457,
Al Munirah,2024Q1,0.538461538,1.016856133,0,0.327,22
Al Munirah,2024Q2,0.626262626,1.056931718,,0.189,10
Al Munirah,2024Q3,0.645833333,1.092756147,,1.207,0
Al Munirah,2024Q4,0.618556701,1.12200308,,1.09,0
Al Munirah,2025Q1,0.585858586,1.120113309,,0.519,30
Al Munirah,2025Q2,0.64516129,1.186534834,3,-0.774,0
Al Munirah,2025Q3,0.580645161,0.994579743,,1.363,0
Al Munirah,2025Q4,0.565217391,1.234795967,,0.271,0
Al Musaymir,2023Q4,0.580645161,0.780325964,16,-0.359,
Al Musaymir,2024Q1,0.730769231,0.842134752,26,-0.228,22
Al Musaymir,2024Q2,0.752688172,0.791347612,18,1.389,10
Al Musaymir,2024Q3,0.744680851,0.788507878,110,1.789,0
Al Musaymir,2024Q4,0.867647059,0.716043493,89,0.852,0
Al Musaymir,2025Q1,0.760869565,0.684042739,37,-0.983,30
Al Musaymir,2025Q2,0.774193548,0.650640145,13,-1.081,0
Al Musaymir,2025Q3,0.822222222,0.748137043,21,1.513,0
Al Musaymir,2025Q4,0.791208791,0.838816782,4,-0.556,0
Al Mutun,2024Q2,0.666666667,1.16141129,2,-0.55,10
Al Mutun,2024Q3,0.760416667,1.167453316,2,1.568,0
Al Mutun,2024Q4,0.724489796,1.180778345,,1.872,0
Al Mutun,2025Q1,0.704545455,1.129769223,1,-0.378,30
Al Mutun,2025Q2,0.760416667,1.096933625,5,-1.583,0
Al Mutun,2025Q3,0.770833333,1.173922384,6,1.365,0
Al Mutun,2025Q4,0.7,1.234795967,0,0.118,0
Al Odayn,2024Q2,0.524390244,1.077683616,,1.446,10
Al Odayn,2024Q3,0.677083333,1.080381534,0,1.317,0
Al Odayn,2024Q4,0.628865979,1.060938336,0,0.956,0
Al Odayn,2025Q1,0.669902913,1.072148491,1,-0.456,30
Al Odayn,2025Q2,0.729166667,1.061397779,0,-0.941,0
Al Odayn,2025Q3,0.705263158,1.07393639,0,1.516,0
Al Odayn,2025Q4,0.673913043,1.086956522,,-0.632,0
Al Qabbaytah,2023Q4,0.682926829,0.780325964,10,-0.25,
Al Qabbaytah,2024Q1,0.778571429,0.842134752,52,-0.155,22
Al Qaflah,2023Q4,0.580645161,0.990820527,,1.363,
Al Qaflah,2024Q1,0.71875,0.990820527,,0.111,22
Al Qafr,2023Q4,0.818181818,2.576034569,3,1.349,
Al Qafr,2024Q1,0.6875,2.696408874,,-0.044,22
Al Qafr,2024Q2,0.717948718,2.978212441,,0.773,10
Al Qafr,2024Q3,0.697916667,1.908996544,4,1.41,0
Al Qafr,2024Q4,0.765306122,1.980679326,,1.081,0
Al Qafr,2025Q1,0.721649485,1.195077954,,-0.578,30
Al Qafr,2025Q2,0.78125,1.230100361,,-0.997,0
Al Qafr,2025Q3,0.690721649,1.309625213,0,0.951,0
Al Qafr,2025Q4,0.659340659,1.126690035,1,-0.993,0
Al Qahirah,2025Q2,0.5625,0.528870672,1,-0.945,0
Al Qahirah,2025Q3,0.5,0.812932552,3,1.554,0
Al Qahirah,2025Q4,0.445544554,0.803742177,1,-0.543,0
Al Qanawis,2023Q4,0,1.026979758,,2.471,
Al Qanawis,2024Q1,0.5,1.016856133,,0.675,22
Al Qanawis,2024Q2,0.632653061,1.056931718,,-0.19,10
Al Qanawis,2024Q3,0.613207547,1.092756147,,1.197,0
Al Qanawis,2024Q4,0.71,1.12200308,,1.147,0
Al Qanawis,2025Q1,0.610526316,1.120113309,,1.173,30
Al Qanawis,2025Q2,0.625,1.186534834,,-0.686,0
Al Qanawis,2025Q3,0.630434783,0.994579743,,1.481,0
Al Qanawis,2025Q4,0.626373626,1.234795967,,0.275,0
Al Qatn,2023Q4,0.2,0.467126711,0,0.254,
Al Qatn,2024Q1,0.125,0.456088934,,0.013,22
Al Qatn,2024Q2,0.673076923,0.450547779,2,1.386,10
Al Qatn,2024Q3,0.702970297,0.421586116,,1.463,0
Al Qatn,2024Q4,0.66,0.481497016,0,-0.9,0
Al Qatn,2025Q1,0.598039216,0.454827279,,-0.865,30
Al Qatn,2025Q2,0.563829787,0.422844011,0,-1.78,0
Al Qatn,2025Q3,0.637362637,0.598319509,,0.62,0
Al Qatn,2025Q4,0.6875,0.712877561,0,0.525,0
Al Qubaytah,2024Q2,0.720430108,0.791347612,227,1.506,10
Al Qubaytah,2024Q3,0.875,0.788507878,46,1.674,0
Al Qubaytah,2024Q4,0.8375,0.716043493,49,0.778,0
Al Qubaytah,2025Q1,0.843137255,0.684042739,47,-0.918,30
Al Qubaytah,2025Q2,0.833333333,0.650640145,30,-1.187,0
Al Qubaytah,2025Q3,0.765432099,0.748137043,14,1.661,0
Al Qubaytah,2025Q4,0.793478261,0.838816782,19,-0.721,0
Al Quraishyah,2023Q4,0.4,1.576197038,2,0.346,
Al Quraishyah,2024Q1,0.633333333,1.506659077,10,-0.083,22
Al Quraishyah,2024Q2,0.722772277,1.507723509,0,0.577,10
Al Quraishyah,2024Q3,0.709677419,1.491040562,,1.513,0
Al Quraishyah,2024Q4,0.765957447,1.547895694,,2.165,0
Al Quraishyah,2025Q1,0.688172043,1.610671767,52,-0.989,30
Al Quraishyah,2025Q2,0.774193548,1.61440967,,-1.395,0
Al Quraishyah,2025Q3,0.784946237,1.723269505,,0.869,0
Al Quraishyah,2025Q4,0.802197802,2.47385358,0,-0.34,0
Al Udayn,2023Q4,0.391304348,0.926943147,2,1.418,
Al Udayn,2024Q1,0.518072289,0.993442063,2,0.364,22
Al Wade'a,2023Q4,0.612903226,1.093098497,,0.946,
Al Wade'a,2024Q1,0.711538462,1.109737096,,-0.853,22
Al Wadi',2024Q2,0.760869565,1.116843126,,1.987,10
Al Wadi',2024Q3,0.768292683,0.897963053,0,1.583,0
Al Wadi',2024Q4,0.761363636,0.833475804,0,1.13,0
Al Wadi',2025Q1,0.72,0.775439996,2,-1.21,30
Al Wadi',2025Q2,0.838709677,0.747136606,,-1.78,0
Al Wadi',2025Q3,0.777777778,0.798420255,,0.946,0
Al Wadi',2025Q4,0.71875,0.483710724,2,-0.758,0
Al Wehdah,2025Q2,0.520833333,1.096933625,5,,0
Al Wehdah,2025Q3,0.47826087,1.173922384,5,,0
Al Wehdah,2025Q4,0.626373626,1.234795967,0,,0
Alluhayah,2024Q2,0.463917526,1.056931718,0,-0.118,10
Alluhayah,2024Q3,0.577319588,1.092756147,0,1.349,0
Alluhayah,2024Q4,0.670103093,1.12200308,1,1.356,0
Alluhayah,2025Q1,0.625,1.120113309,1,1.079,30
Alluhayah,2025Q2,0.638297872,1.186534834,,-0.696,0
Alluhayah,2025Q3,0.625,0.994579743,,1.44,0
Alluhayah,2025Q4,0.722222222,1.234795967,,0.278,0
Alluheyah,2023Q4,0.523809524,1.026979758,,2.062,
Alluheyah,2024Q1,0.454545455,1.016856133,0,0.068,22
Amd,2025Q4,0.670212766,1.053674796,,0.235,0
Amran,2023Q4,0.476190476,0.946346791,0,0.763,
Amran,2024Q1,0.541176471,0.950594043,,-0.603,22
Amran,2024Q2,0.558139535,1.21414658,0,-0.623,10
Amran,2024Q3,0.616161616,1.360544218,1,1.561,0
Amran,2024Q4,0.55,1.360544218,1,1.347,0
Amran,2025Q1,0.65,1.129769223,0,-0.502,30
Amran,2025Q2,0.604166667,1.096933625,3,-1.431,0
Amran,2025Q3,0.632653061,1.173922384,0,1.632,0
Amran,2025Q4,0.585106383,1.234795967,0,-0.776,0
An Nadirah,2023Q4,0.727272727,1.237123961,1,0.602,
An Nadirah,2024Q1,0.511111111,1.256006813,,-0.234,22
An Nadirah,2024Q2,0.630136986,1.263354611,0,1.046,10
An Nadirah,2024Q3,0.73,1.176970054,0,1.987,0
An Nadirah,2024Q4,0.676767677,1.199445319,,1.813,0
An Nadirah,2025Q1,0.628865979,1.08521203,1,-0.958,30
An Nadirah,2025Q2,0.71875,1.085900018,,-1.219,0
An Nadirah,2025Q3,0.690721649,1.127878117,0,0.941,0
An Nadirah,2025Q4,0.711340206,1.080411273,,-0.188,0
Ans,2024Q2,0.672268908,1.150078472,,0.612,10
Ans,2024Q3,0.693877551,1.140624951,,1.363,0
Ans,2024Q4,0.714285714,1.154466633,,1.527,0
Ans,2025Q1,0.742574257,1.161934499,0,-0.813,30
Ans,2025Q2,0.6875,1.154629246,1,-1.129,0
Ans,2025Q3,0.717391304,1.205202215,,0.922,0
Ans,2025Q4,0.717391304,1.234795967,,-0.636,0
Anss,2023Q4,0.534482759,1.156397895,,0.924,
Anss,2024Q1,0.568965517,1.162363568,,-0.423,22
Ar Radmah,2023Q4,0.5,1.237123961,,0.504,
Ar Radmah,2024Q1,0.565217391,1.256006813,,-0.198,22
Ar Radmah,2024Q2,0.615384615,1.263354611,,0.807,10
Ar Radmah,2024Q3,0.762376238,1.176970054,2,1.872,0
Ar Radmah,2024Q4,0.6,1.199445319,,1.901,0
Ar Radmah,2025Q1,0.701030928,1.08521203,1,-1.053,30
Ar Radmah,2025Q2,0.760416667,1.085900018,,-1.302,0
Ar Radmah,2025Q3,0.704081633,1.127878117,,0.913,0
Ar Radmah,2025Q4,0.649484536,1.080411273,,-0.437,0
Ar Rawdah,2023Q4,0.594594595,0.807642028,1,0.274,
Ar Rawdah,2024Q1,0.576923077,0.762830211,0,-0.26,22
Ar Rawdah,2024Q2,0.626506024,0.741032087,,-0.174,10
Ar Rawdah,2024Q3,0.794871795,0.677007205,,1.112,0
Ar Rawdah,2024Q4,0.653846154,0.646142518,,0.785,0
Ar Rawdah,2025Q1,0.538461538,0.628224583,,-0.968,30
Ar Rawdah,2025Q2,0.722891566,0.626608879,,-1.854,0
Ar Rawdah,2025Q3,0.582278481,0.737104012,,0.702,0
Ar Rawdah,2025Q4,0.571428571,0.844473259,,-0.16,0
Ar Raydah Wa Qusayar,2023Q4,0.323529412,0.547298279,,0.849,
Ar Raydah Wa Qusayar,2024Q1,0.397260274,0.530858838,,0.543,22
Ar Raydah wa Qussay'ar,2024Q2,0.531914894,0.528592469,,0.022,10
Ar Raydah wa Qussay'ar,2024Q3,0.5,0.498485402,,1.705,0
Ar Raydah wa Qussay'ar,2024Q4,0.711111111,0.498376723,,-0.4,0
Ar Raydah wa Qussay'ar,2025Q1,0.652173913,0.510666955,,-1.069,30
Ar Raydah wa Qussay'ar,2025Q2,0.604166667,0.486644666,,-0.831,0
Ar Raydah wa Qussay'ar,2025Q3,0.628205128,0.604958937,,0.828,0
Ar Raydah wa Qussay'ar,2025Q4,0.554347826,0.701494931,,0.095,0
Ar Rujum,2023Q4,0.4,1.096727796,,1.046,
Ar Rujum,2024Q1,0.54,1.098149348,,0.126,22
Ar Rujum,2024Q2,0.31884058,1.129406537,,-0.517,10
Ar Rujum,2024Q3,0.479591837,1.145582933,,1.282,0
Ar Rujum,2024Q4,0.397959184,1.164362981,1,1.23,0
Ar Rujum,2025Q1,0.432989691,1.230757209,,0.161,30
Ar Rujum,2025Q2,0.452631579,1.096933625,,-1.219,0
Ar Rujum,2025Q3,0.510416667,1.173922384,,1.525,0
Ar Rujum,2025Q4,0.522222222,1.234795967,,-0.608,0
Ar Ryashyyah,2023Q4,0.732394366,1.576197038,,0.115,
Ar Ryashyyah,2024Q1,0.666666667,1.506659077,20,-0.209,22
Ar Ryashyyah,2024Q2,0.72826087,1.507723509,0,1.028,10
Ar Ryashyyah,2024Q3,0.846938776,1.491040562,,1.917,0
Ar Ryashyyah,2024Q4,0.816326531,1.547895694,,2.352,0
Ar Ryashyyah,2025Q1,0.816326531,1.610671767,,-1.077,30
Ar Ryashyyah,2025Q2,0.75,1.61440967,,-1.285,0
Ar Ryashyyah,2025Q3,0.831578947,1.723269505,0,1.013,0
Ar Ryashyyah,2025Q4,0.795698925,2.47385358,,-0.448,0
Arhab,2025Q4,0.442105263,1.234795967,2,-0.148,0
Arma,2023Q4,1,0.807642028,0,0.141,
Arma,2024Q1,0.5,0.762830211,0,-0.054,22
Arma'a,2024Q2,0.75,0.741032087,,1.099,10
Arma'a,2024Q3,0.6625,0.677007205,,1.188,0
Arma'a,2024Q4,0.686046512,0.646142518,,1.796,0
Arma'a,2025Q1,0.755555556,0.628224583,,-1.292,30
Arma'a,2025Q2,0.831460674,0.626608879,,-1.682,0
Arma'a,2025Q3,0.810126582,0.737104012,0,1.359,0
Arma'a,2025Q4,0.719101124,0.844473259,0,0.301,0
As Sa'id,2024Q2,0.808080808,0.741032087,3,0.134,10
As Sa'id,2024Q3,0.797979798,0.677007205,18,1.585,0
As Sa'id,2024Q4,0.762886598,0.646142518,12,1.14,0
As Sa'id,2025Q1,0.714285714,0.628224583,1,-0.658,30
As Sa'id,2025Q2,0.865979381,0.626608879,1,-1.706,0
As Sa'id,2025Q3,0.769230769,0.737104012,4,1.007,0
As Sa'id,2025Q4,0.744444444,0.844473259,14,-0.142,0
As Sab'in,2025Q2,0.520833333,1.108277522,22,-1.308,0
As Sab'in,2025Q3,0.56122449,1.173922384,18,0.766,0
As Sab'in,2025Q4,0.515789474,1.234795967,0,-0.625,0
As Sabrah,2023Q4,0.636363636,1.237123961,,1.07,
As Sabrah,2024Q1,0.6,1.256006813,0,-0.181,22
As Sabrah,2024Q2,0.648648649,1.263354611,,1.485,10
As Sabrah,2024Q3,0.626262626,1.176970054,0,1.792,0
As Sabrah,2024Q4,0.65625,1.199445319,,1.349,0
As Sabrah,2025Q1,0.773195876,1.08521203,,-0.845,30
As Sabrah,2025Q2,0.791666667,1.085900018,,-0.963,0
As Sabrah,2025Q3,0.736842105,1.127878117,0,1.297,0
As Sabrah,2025Q4,0.652173913,1.080411273,,-0.37,0
As Saddah,2023Q4,0.615384615,1.237123961,,0.876,
As Saddah,2024Q1,0.555555556,1.256006813,,-0.112,22
As Saddah,2024Q2,0.596153846,1.263354611,,0.778,10
As Saddah,2024Q3,0.59375,1.176970054,0,1.851,0
As Saddah,2024Q4,0.74,1.199445319,,1.352,0
As Saddah,2025Q1,0.666666667,1.08521203,,-0.959,30
As Saddah,2025Q2,0.75,1.085900018,0,-1.092,0
As Saddah,2025Q3,0.649484536,1.127878117,0,0.879,0
As Saddah,2025Q4,0.708333333,1.080411273,0,-0.525,0
As Safiyah,2024Q2,0.417391304,1.109843476,0,,10
As Safiyah,2024Q3,0.469387755,1.108277522,,,0
As Safiyah,2024Q4,0.5,1.108277522,4,,0
As Safiyah,2025Q1,0.515463918,1.108277522,0,,30
As Safiyah,2025Q2,0.604166667,1.096933625,0,,0
As Safiyah,2025Q3,0.538461538,1.173922384,0,,0
As Safiyah,2025Q4,0.582417582,1.234795967,,,0
As Safra,2023Q4,0.571428571,1.040614072,9,1.073,
As Safra,2024Q1,0.641509434,1.045509947,1,-0.149,22
As Safra,2024Q2,0.594594595,1.128815563,,-0.35,10
As Safra,2024Q3,0.525773196,1.156287465,,2.144,0
As Safra,2024Q4,0.565656566,1.152685302,0,1.952,0
As Safra,2025Q1,0.608247423,1.128041631,11,0.68,30
As Safra,2025Q2,0.666666667,1.096933625,4,-1.551,0
As Safra,2025Q3,0.612244898,1.157757868,5,1.377,0
As Safra,2025Q4,0.593406593,1.234795967,,0.149,0
As Said,2023Q4,0.698275862,0.807642028,0,1.075,
As Said,2024Q1,0.640522876,0.762830211,4,-0.484,22
As Saiyani,2024Q2,0.396396396,1.263354611,,1.558,10
As Saiyani,2024Q3,0.536082474,1.176970054,0,1.73,0
As Saiyani,2024Q4,0.567010309,1.199445319,2,1.186,0
As Saiyani,2025Q1,0.58,1.08521203,,-0.889,30
As Saiyani,2025Q2,0.71875,1.085900018,,-1.039,0
As Saiyani,2025Q3,0.608247423,1.127878117,0,1.487,0
As Saiyani,2025Q4,0.611111111,1.080411273,,-0.737,0
As Salafiyah,2023Q4,0.611510791,0.739787943,,1.036,
As Salafiyah,2024Q1,0.626984127,0.831656049,,0.056,22
As Salafiyyah,2024Q2,0.586206897,0.811652176,,-0.153,10
As Salafiyyah,2024Q3,0.494505495,0.846048183,,1.144,0
As Salafiyyah,2024Q4,0.666666667,0.796424296,,1.32,0
As Salafiyyah,2025Q1,0.602150538,0.796739645,0,-0.006,30
As Salafiyyah,2025Q2,0.635416667,0.797047543,0,-1.097,0
As Salafiyyah,2025Q3,0.663461538,1.173922384,5,0.73,0
As Salafiyyah,2025Q4,0.681318681,1.234795967,,-1.057,0
As Sawd,2023Q4,0.666666667,0.96894526,,0.902,
As Sawd,2024Q1,0.727272727,0.970454015,,-0.241,22
As Sawd,2024Q2,0.659793814,1.271859942,,-0.706,10
As Sawd,2024Q3,0.721649485,1.576044129,,1.814,0
As Sawd,2024Q4,0.765306122,1.576044129,,1.22,0
As Sawd,2025Q1,0.633333333,1.129769223,,0.156,30
As Sawd,2025Q2,0.770833333,1.096933625,,-1.24,0
As Sawd,2025Q3,0.78125,1.173922384,,1.843,0
As Sawd,2025Q4,0.717391304,1.234795967,0,-0.41,0
As Sayyani,2023Q4,0.416666667,1.237123961,0,1.271,
As Sayyani,2024Q1,0.428571429,1.256006813,,-0.032,22
As Silw,2023Q4,0.666666667,0.864107428,0,0.068,
As Silw,2024Q1,0.666666667,0.860485516,0,-0.264,22
As Silw,2024Q2,0.596330275,0.860652383,1,1.651,10
As Silw,2024Q3,0.75,0.799139316,20,1.532,0
As Silw,2024Q4,0.719101124,0.745477211,0,1.016,0
As Silw,2025Q1,0.695652174,0.693493855,,-0.954,30
As Silw,2025Q2,0.8125,0.656054021,,-1.028,0
As Silw,2025Q3,0.788888889,0.685216903,,1.919,0
As Silw,2025Q4,0.677777778,0.701539945,,-0.475,0
As Sudah,2023Q4,0.583333333,0.96894526,0,0.93,
As Sudah,2024Q1,0.606060606,0.970454015,,-0.412,22
As Sudah,2024Q2,0.604166667,1.271859942,,-0.697,10
As Sudah,2024Q3,0.72826087,1.576044129,,1.838,0
As Sudah,2024Q4,0.736842105,1.576044129,,1.122,0
As Sudah,2025Q1,0.690721649,1.129769223,,-0.115,30
As Sudah,2025Q2,0.778947368,1.096933625,,-1.246,0
As Sudah,2025Q3,0.7375,1.173922384,,1.719,0
As Sudah,2025Q4,0.630434783,1.234795967,,-0.565,0
As Sukhnah,2023Q4,0.588235294,1.026979758,,1.602,
As Sukhnah,2024Q1,0.2,1.016856133,0,0.669,22
As Sukhnah,2024Q2,0.614457831,1.056931718,,0.477,10
As Sukhnah,2024Q3,0.670103093,1.092756147,,0.729,0
As Sukhnah,2024Q4,0.719626168,1.12200308,,1.839,0
As Sukhnah,2025Q1,0.701030928,1.120113309,,-0.353,30
As Sukhnah,2025Q2,0.736842105,1.186534834,,-0.661,0
As Sukhnah,2025Q3,0.706521739,0.994579743,,1.077,0
As Sukhnah,2025Q4,0.692307692,1.234795967,,0.412,0
Ash Sha'ir,2023Q4,0.428571429,1.237123961,0,0.973,
Ash Sha'ir,2024Q1,0.625,1.256006813,,-0.21,22
Ash Sha'ir,2024Q2,0.614035088,1.263354611,,1.153,10
Ash Sha'ir,2024Q3,0.636363636,1.176970054,0,1.874,0
Ash Sha'ir,2024Q4,0.728971963,1.199445319,0,1.414,0
Ash Sha'ir,2025Q1,0.795918367,1.08521203,,-0.856,30
Ash Sha'ir,2025Q2,0.791666667,1.085900018,,-0.904,0
Ash Sha'ir,2025Q3,0.783505155,1.127878117,,1.245,0
Ash Sha'ir,2025Q4,0.655555556,1.080411273,,-0.213,0
Ash Shaghadirah,2023Q4,0.451612903,1.120629222,,1.643,
Ash Shaghadirah,2024Q1,0.545454545,1.128366965,,0.375,22
Ash Shahil,2023Q4,0.4,1.120629222,,1.662,
Ash Shahil,2024Q1,0.708333333,1.128366965,,-0.065,22
Ash Shahil,2024Q2,0.663157895,1.154723506,,-0.592,10
Ash Shahil,2024Q3,0.724489796,1.170092437,,1.494,0
Ash Shahil,2024Q4,0.653061224,1.182163517,,1.37,0
Ash Shahil,2025Q1,0.57,1.134201207,,0.897,30
Ash Shahil,2025Q2,0.635416667,1.129657011,,-0.9,0
Ash Shahil,2025Q3,0.677777778,1.135479122,,2.128,0
Ash Shahil,2025Q4,0.652173913,1.234795967,,-0.26,0
Ash Shamayatayn,2023Q4,0.428571429,0.864107428,0,-0.035,
Ash Shamayatayn,2024Q1,0.535714286,0.860485516,0,0.224,22
Ash Shamayatayn,2024Q2,0.690721649,0.860652383,,1.752,10
Ash Shamayatayn,2024Q3,0.641304348,0.799139316,2,1.522,0
Ash Shamayatayn,2024Q4,0.688172043,0.745477211,,0.829,0
Ash Shamayatayn,2025Q1,0.648351648,0.693493855,0,-0.694,30
Ash Shamayatayn,2025Q2,0.75,0.656054021,0,-1.072,0
Ash Shamayatayn,2025Q3,0.644444444,0.685216903,0,1.969,0
Ash Shamayatayn,2025Q4,0.602150538,0.701539945,5,-0.558,0
Ash Sharyah,2023Q4,0.789473684,1.576197038,,0.175,
Ash Sharyah,2024Q1,0.697674419,1.506659077,,-0.156,22
Ash Sharyah,2024Q2,0.811111111,1.507723509,1,1.01,10
Ash Sharyah,2024Q3,0.884210526,1.491040562,,1.82,0
Ash Sharyah,2024Q4,0.885057471,1.547895694,,2.105,0
Ash Sharyah,2025Q1,0.879120879,1.610671767,1,-1.224,30
Ash Sharyah,2025Q2,0.87628866,1.61440967,0,-1.303,0
Ash Sharyah,2025Q3,0.888888889,1.723269505,,0.966,0
Ash Sharyah,2025Q4,0.857142857,2.47385358,0,-0.53,0
Ash Shaykh Othman,2025Q4,0.641509434,0.946409144,0,-0.056,0
Ash Shihr,2025Q4,0.648351648,0.61876125,11,-0.037,0
Ash Shu'ayb,2023Q4,0.733333333,1.127554616,,0.096,
Ash Shu'ayb,2024Q1,1,1.19441016,,-0.647,22
Ash Shu'ayb,2024Q2,0.795918367,1.344589468,,0.863,10
Ash Shu'ayb,2024Q3,0.842105263,1.397428731,,2.514,0
Ash Shu'ayb,2024Q4,0.848484848,1.386347252,,1.174,0
Ash Shu'ayb,2025Q1,0.826086957,1.354132813,,-0.932,30
Ash Shu'ayb,2025Q2,0.822222222,1.236710515,,-1.399,0
Ash Shu'ayb,2025Q3,0.861702128,1.287338171,,0.471,0
Ash Shu'ayb,2025Q4,0.822222222,1.380910296,,-0.637,0
Ash shaghadirah,2024Q2,0.590909091,1.154723506,,-0.439,10
Ash shaghadirah,2024Q3,0.606060606,1.170092437,,1.321,0
Ash shaghadirah,2024Q4,0.62244898,1.182163517,,1.125,0
Ash shaghadirah,2025Q1,0.673469388,1.134201207,,0.708,30
Ash shaghadirah,2025Q2,0.614583333,1.129657011,,-1.036,0
Ash shaghadirah,2025Q3,0.653061224,1.135479122,,1.863,0
Ash shaghadirah,2025Q4,0.617021277,1.234795967,1,-0.286,0
Aslam,2024Q2,0.793814433,1.154723506,,-0.492,10
Aslam,2024Q3,0.864583333,1.170092437,,1.428,0
Aslam,2024Q4,0.765306122,1.182163517,,1.033,0
Aslam,2025Q1,0.64893617,1.134201207,,1.268,30
Aslam,2025Q2,0.8125,1.129657011,,-0.867,0
Aslam,2025Q3,0.845360825,1.135479122,,1.98,0
Aslam,2025Q4,0.8,1.234795967,,0.371,0
Aslem,2023Q4,0.727272727,1.120629222,,2.466,
Aslem,2024Q1,0.8,1.128366965,,-0.096,22
Assafi'yah,2023Q4,0.419354839,1.184502127,,,
Assafi'yah,2024Q1,0.410714286,1.178513046,,,22
At Ta'iziyah,2023Q4,0.569230769,0.708527332,0,1.33,
At Ta'iziyah,2024Q1,0.647058824,0.71514263,11,0.57,22
At Ta'iziyah,2024Q2,0.484536082,0.732387433,5,1.727,10
At Ta'iziyah,2024Q3,0.708333333,0.704935477,10,1.366,0
At Ta'iziyah,2024Q4,0.711538462,0.645116394,2,0.618,0
At Ta'iziyah,2025Q1,0.617647059,0.594106397,1,-0.481,30
At Ta'iziyah,2025Q2,0.697916667,0.498938549,8,-0.96,0
At Ta'iziyah,2025Q3,0.577319588,0.559271266,6,1.455,0
At Ta'iziyah,2025Q4,0.617021277,0.59240701,2,-0.555,0
At Taffah,2023Q4,0.9,1.576197038,5,0.206,
At Taffah,2024Q1,0.822222222,1.506659077,1,-0.375,22
At Taffah,2024Q2,0.81372549,1.507723509,,1.253,10
At Taffah,2024Q3,0.864583333,1.491040562,,2.145,0
At Taffah,2024Q4,0.878787879,1.547895694,,1.753,0
At Taffah,2025Q1,0.78125,1.610671767,,-1.065,30
At Taffah,2025Q2,0.855670103,1.61440967,,-1.416,0
At Taffah,2025Q3,0.885416667,1.723269505,,0.446,0
At Taffah,2025Q4,0.842696629,2.47385358,0,-0.605,0
At Tahrir,2023Q4,0.566666667,1.184502127,,,
At Tahrir,2024Q1,0.5,1.178513046,,,22
At Tahrir,2024Q2,0.405660377,1.109843476,,,10
At Tahrir,2024Q3,0.484536082,1.108277522,0,,0
At Tahrir,2024Q4,0.494845361,1.108277522,0,,0
At Tahrir,2025Q1,0.520408163,1.108277522,0,,30
At Tahrir,2025Q2,0.5,1.096933625,,,0
At Tahrir,2025Q3,0.576086957,1.173922384,39,,0
At Tahrir,2025Q4,0.56043956,1.234795967,,,0
At Talh,2025Q4,0.766666667,1.053674796,,-0.209,0
At Tawahi,2025Q4,0.515463918,1.053674796,0,,0
At Tawilah,2023Q4,0.418367347,1.001350313,0,0.729,
At Tawilah,2024Q1,0.366197183,1.020915349,,-0.27,22
At Tawilah,2024Q2,0.360824742,1.047135747,,-0.552,10
At Tawilah,2024Q3,0.4375,1.0702168,,1.391,0
At Tawilah,2024Q4,0.432989691,1.127734519,,1.032,0
At Tawilah,2025Q1,0.466019417,1.16388995,,-0.039,30
At Tawilah,2025Q2,0.489583333,1.096933625,3,-1.266,0
At Tawilah,2025Q3,0.525773196,1.173922384,,1.316,0
At Tawilah,2025Q4,0.430107527,1.234795967,,-1.026,0
At Tuhayat,2023Q4,0,1.026979758,13,0.248,
At Tuhayat,2024Q1,0.285714286,1.016856133,5,0.515,22
At Tuhayta,2024Q2,0.472972973,1.056931718,10,1.239,10
At Tuhayta,2024Q3,0.633663366,1.092756147,2,0.822,0
At Tuhayta,2024Q4,0.588888889,1.12200308,8,1.6,0
At Tuhayta,2025Q1,0.682352941,1.120113309,5,-0.197,30
At Tuhayta,2025Q2,0.625,1.186534834,64,-1.421,0
At Tuhayta,2025Q3,0.722222222,0.994579743,1,1.259,0
At Tuhayta,2025Q4,0.681318681,1.234795967,0,0.43,0
At Tyal,2024Q2,0.520833333,1.061153907,,0.058,10
At Tyal,2024Q3,0.427083333,1.091791347,,1.262,0
At Tyal,2024Q4,0.474747475,1.091791347,0,1.579,0
At Tyal,2025Q1,0.422680412,1.129769223,,-0.703,30
At Tyal,2025Q2,0.53125,1.096933625,1,-1.221,0
At Tyal,2025Q3,0.489361702,1.173922384,,0.965,0
At Tyal,2025Q4,0.510638298,1.234795967,,0.147,0
Ataq,2023Q4,0.466666667,0.774215344,3,0.929,
Ataq,2024Q1,0.467479675,0.761507415,3,-0.798,22
Ataq,2024Q2,0.651785714,0.723492231,3,0.519,10
Ataq,2024Q3,0.66,0.644119324,2,1.52,0
Ataq,2024Q4,0.681415929,0.638265715,3,2.252,0
Ataq,2025Q1,0.769230769,0.604046336,5,-0.893,30
Ataq,2025Q2,0.760416667,0.591989345,9,-1.81,0
Ataq,2025Q3,0.637254902,0.715288863,0,0.992,0
Ataq,2025Q4,0.633333333,0.856155338,1,0.035,0
Ath Thawrah,2025Q2,0.510416667,1.096933625,9,,0
Ath Thawrah,2025Q3,0.489583333,1.173922384,3,,0
Ath Thawrah,2025Q4,0.527472527,1.234795967,,,0
Attyal,2023Q4,0.5,1.004763322,,1.036,
Attyal,2024Q1,0,1.004763322,,-0.272,22
Ayn,2024Q2,0.632352941,0.741032087,0,0.411,10
Ayn,2024Q3,0.763888889,0.677007205,3,1.295,0
Ayn,2024Q4,0.76056338,0.646142518,0,1.135,0
Ayn,2025Q1,0.720430108,0.628224583,0,-0.796,30
Ayn,2025Q2,0.705882353,0.626608879,2,-1.25,0
Ayn,2025Q3,0.652173913,0.737104012,0,0.756,0
Ayn,2025Q4,0.576086957,0.844473259,0,0.62,0
Az Zahir,2023Q4,0.673913043,1.122622723,1,1.659,
Az Zahir,2024Q1,0.710526316,1.138800961,,0.525,22
Az Zahir,2024Q2,0.673684211,1.16141129,,-0.705,10
Az Zahir,2024Q3,0.770833333,1.167453316,1,1.726,0
Az Zahir,2024Q4,0.783505155,1.180778345,,2,0
Az Zahir,2025Q1,0.755555556,1.129769223,1,-0.421,30
Az Zahir,2025Q2,0.705263158,1.096933625,,-1.408,0
Az Zahir,2025Q3,0.731182796,1.173922384,0,1.668,0
Az Zahir,2025Q4,0.684782609,1.234795967,0,-0.21,0
Az Zaydiah,2024Q2,0.634408602,1.056931718,,0.179,10
Az Zaydiah,2024Q3,0.635416667,1.092756147,,0.981,0
Az Zaydiah,2024Q4,0.632653061,1.12200308,,1.153,0
Az Zaydiah,2025Q1,0.5,1.120113309,,0.505,30
Az Zaydiah,2025Q2,0.59375,1.186534834,,-0.934,0
Az Zaydiah,2025Q3,0.642857143,0.994579743,,1.14,0
Az Zaydiah,2025Q4,0.709677419,1.234795967,0,0.344,0
Az Zaydiyah,2023Q4,0.133333333,1.026979758,,2.35,
Az Zaydiyah,2024Q1,0.612903226,1.016856133,0,0.623,22
Az Zuhrah,2023Q4,0.438596491,1.191806331,,2.348,
Az Zuhrah,2024Q1,0.463414634,1.1751169,0,0.371,22
Az Zuhrah,2024Q2,0.587628866,1.178434646,,-0.267,10
Az Zuhrah,2024Q3,0.646464646,1.215097588,,1.375,0
Az Zuhrah,2024Q4,0.62,1.216758655,,1.3,0
Az Zuhrah,2025Q1,0.62745098,1.254787144,0,1.317,30
Az Zuhrah,2025Q2,0.697916667,1.309793435,,-0.648,0
Az Zuhrah,2025Q3,0.639175258,0.994579743,1,1.812,0
Az Zuhrah,2025Q4,0.747368421,1.234795967,0,0.221,0
Az'zal,2023Q4,0.325,1.184502127,,,
Az'zal,2024Q1,0.346938776,1.178513046,0,,22
Azaal,2024Q2,0.37254902,1.109843476,,,10
Azaal,2024Q3,0.360824742,1.108277522,,,0
Azaal,2024Q4,0.5,1.108277522,0,,0
Azaal,2025Q1,0.422680412,1.108277522,,,30
Azaal,2025Q2,0.427083333,1.096933625,0,,0
Azaal,2025Q3,0.46875,1.173922384,0,,0
Azaal,2025Q4,0.522222222,1.234795967,0,,0
Ba'dan,2023Q4,0.590909091,1.237123961,,1.109,
Ba'dan,2024Q1,0.633333333,1.256006813,,-0.331,22
Ba'dan,2024Q2,0.568627451,1.263354611,0,1.284,10
Ba'dan,2024Q3,0.677083333,1.176970054,0,1.794,0
Ba'dan,2024Q4,0.693877551,1.199445319,,1.23,0
Ba'dan,2025Q1,0.663366337,1.08521203,4,-0.868,30
Ba'dan,2025Q2,0.645833333,1.085900018,0,-0.917,0
Ba'dan,2025Q3,0.731182796,1.127878117,0,1.351,0
Ba'dan,2025Q4,0.585106383,1.080411273,,-0.359,0
Bajil,2023Q4,0.290322581,1.027897128,,1.833,
Bajil,2024Q1,0.261904762,1.011221184,1,0.52,22
Bajil,2024Q2,0.558823529,1.017428551,0,0.379,10
Bajil,2024Q3,0.37755102,1.093044755,1,0.808,0
Bajil,2024Q4,0.489795918,1.185799505,0,1.435,0
Bajil,2025Q1,0.46875,1.175713787,14,-0.053,30
Bajil,2025Q2,0.510204082,1.14322692,3,-0.883,0
Bajil,2025Q3,0.540816327,0.994579743,,1.234,0
Bajil,2025Q4,0.586956522,1.234795967,0,0.305,0
Bakil Al Mir,2024Q2,0.80952381,1.154723506,1,-0.762,10
Bakil Al Mir,2024Q3,0.666666667,1.170092437,,1.778,0
Bakil Al Mir,2024Q4,0.679245283,1.182163517,,1.26,0
Bakil Al Mir,2025Q1,0.756756757,1.134201207,,0.838,30
Bakil Al Mir,2025Q2,0.791666667,1.129657011,,-0.915,0
Bakil Al Mir,2025Q3,0.723404255,1.135479122,,1.893,0
Bakil Al Mir,2025Q4,0.838235294,1.234795967,,0.008,0
Bani Al Awam,2023Q4,0.444444444,1.120629222,,1.313,
Bani Al Awam,2024Q1,0.611111111,1.128366965,,-0.09,22
Bani Al Awam,2024Q2,0.553191489,1.154723506,,-0.545,10
Bani Al Awam,2024Q3,0.690721649,1.170092437,,1.389,0
Bani Al Awam,2024Q4,0.59375,1.182163517,,0.655,0
Bani Al Awam,2025Q1,0.621359223,1.134201207,,-0.314,30
Bani Al Awam,2025Q2,0.614583333,1.129657011,,-1.257,0
Bani Al Awam,2025Q3,0.604166667,1.135479122,,1.767,0
Bani Al Awam,2025Q4,0.557894737,1.234795967,,-0.489,0
Bani Al Harith,2023Q4,0.362745098,1.184502127,0,0.873,
Bani Al Harith,2024Q1,0.370786517,1.178513046,2,-0.249,22
Bani Al Harith,2024Q2,0.44047619,1.109843476,0,-0.004,10
Bani Al Harith,2024Q3,0.505154639,1.108277522,3,1.543,0
Bani Al Harith,2024Q4,0.494845361,1.108277522,5,1.427,0
Bani Al Harith,2025Q1,0.5625,1.108277522,4,-0.781,30
Bani Al Harith,2025Q2,0.618556701,1.096933625,9,-1.21,0
Bani Al Harith,2025Q3,0.65,1.173922384,5,1.436,0
Bani Al Harith,2025Q4,0.656862745,1.234795967,1,-0.531,0
Bani Dabyan,2024Q2,0.489583333,1.061153907,,0.272,10
Bani Dabyan,2024Q3,0.74,1.091791347,,1.275,0
Bani Dabyan,2024Q4,0.76,1.091791347,,1.908,0
Bani Dabyan,2025Q1,0.688172043,1.129769223,,-0.952,30
Bani Dabyan,2025Q2,0.766666667,1.096933625,,-1.447,0
Bani Dabyan,2025Q3,0.829787234,1.173922384,,0.55,0
Bani Dabyan,2025Q4,0.71875,1.234795967,,0.257,0
Bani Dhabyan,2023Q4,0.857142857,1.004763322,,1.365,
Bani Dhabyan,2024Q1,0.666666667,1.004763322,,-0.026,22
Bani Hushaysh,2025Q4,0.611111111,1.234795967,,-0.202,0
Bani Matar,2025Q3,0.549450549,1.173922384,0,1.013,0
Bani Matar,2025Q4,0.577777778,1.234795967,0,-0.671,0
Bani Qa'is,2023Q4,0.466666667,1.120629222,,2.021,
Bani Qa'is,2024Q1,0.294117647,1.128366965,,0.169,22
Bani Qays,2024Q2,0.705263158,1.154723506,,-0.406,10
Bani Qays,2024Q3,0.710843373,1.170092437,,1.304,0
Bani Qays,2024Q4,0.679487179,1.182163517,,1.132,0
Bani Qays,2025Q1,0.582417582,1.134201207,2,0.883,30
Bani Qays,2025Q2,0.760416667,1.129657011,,-0.807,0
Bani Qays,2025Q3,0.714285714,1.135479122,,1.81,0
Bani Qays,2025Q4,0.635416667,1.234795967,,-0.096,0
Bani Sa'd,2023Q4,0.620689655,1.001350313,,1.317,
Bani Sa'd,2024Q1,0.388888889,1.020915349,,0.592,22
Bani Sa'd,2024Q2,0.514563107,1.047135747,,-0.122,10
Bani Sa'd,2024Q3,0.551020408,1.0702168,,1.018,0
Bani Sa'd,2024Q4,0.375,1.127734519,,1.235,0
Bani Sa'd,2025Q1,0.481132075,1.16388995,,0.298,30
Bani Sa'd,2025Q2,0.59375,1.096933625,6,-1.043,0
Bani Sa'd,2025Q3,0.610526316,1.173922384,,1.505,0
Bani Sa'd,2025Q4,0.648351648,1.234795967,,-0.539,0
Bani Suraim,2023Q4,0.466666667,0.96894526,,1.183,
Bani Suraim,2024Q1,0.666666667,0.970454015,,-0.165,22
Bani Surim,2024Q2,0.673469388,1.271859942,,-0.747,10
Bani Surim,2024Q3,0.64516129,1.576044129,0,1.877,0
Bani Surim,2024Q4,0.608247423,1.576044129,,1.667,0
Bani Surim,2025Q1,0.634408602,1.129769223,,-0.298,30
Bani Surim,2025Q2,0.752688172,1.096933625,,-1.48,0
Bani Surim,2025Q3,0.711111111,1.173922384,1,1.314,0
Bani Surim,2025Q4,0.711111111,1.234795967,0,-0.486,0
Baqim,2023Q4,0.454545455,1.278247192,5,1.263,
Baqim,2024Q1,0.647058824,1.295375998,11,-0.147,22
Baqim,2024Q2,0.47826087,1.268245454,4,-0.133,10
Baqim,2024Q3,0.585106383,1.253160114,0,2.083,0
Baqim,2024Q4,0.697916667,1.259224486,3,1.585,0
Baqim,2025Q1,0.703296703,1.266917532,5,0.682,30
Baqim,2025Q2,0.677419355,1.096933625,6,-1.736,0
Baqim,2025Q3,0.688888889,1.266742473,17,1.566,0
Baqim,2025Q4,0.680851064,1.234795967,1,0.208,0
Barat Al Anan,2024Q2,0.696629213,1.16141129,,-0.625,10
Barat Al Anan,2024Q3,0.777777778,1.167453316,2,1.907,0
Barat Al Anan,2024Q4,0.757894737,1.180778345,6,2.337,0
Barat Al Anan,2025Q1,0.637362637,1.129769223,1,-0.272,30
Barat Al Anan,2025Q2,0.6875,1.096933625,0,-1.686,0
Barat Al Anan,2025Q3,0.784946237,1.173922384,,1.575,0
Barat Al Anan,2025Q4,0.804347826,1.234795967,,0.264,0
Bart Al Anan,2023Q4,0.686956522,1.122622723,1,0.705,
Bart Al Anan,2024Q1,0.699029126,1.138800961,,-0.091,22
Bayhan,2023Q4,0.75,0.957238898,0,0.807,
Bayhan,2024Q1,0.571428571,0.837691019,48,-0.108,22
Bayhan,2024Q2,0.660194175,0.790107688,6,0.842,10
Bayhan,2024Q3,0.633663366,0.718300726,35,1.677,0
Bayhan,2024Q4,0.711111111,0.668158489,16,0.253,0
Bayhan,2025Q1,0.623655914,0.648027555,0,-0.848,30
Bayhan,2025Q2,0.645833333,0.643147544,2,-1.318,0
Bayhan,2025Q3,0.670103093,0.713132987,2,0.869,0
Bayhan,2025Q4,0.595744681,0.844473259,1,0.49,0
Bayt Al Faqiah,2023Q4,0.375,0.988319856,6,1.068,
Bayt Al Faqiah,2024Q1,0.333333333,0.924941035,2,0.852,22
Bayt Al Faqih,2024Q2,0.536082474,0.953559027,0,0.999,10
Bayt Al Faqih,2024Q3,0.572916667,0.94517338,1,0.943,0
Bayt Al Faqih,2024Q4,0.59375,1.039702934,1,1.941,0
Bayt Al Faqih,2025Q1,0.642857143,1.031356822,1,0.034,30
Bayt Al Faqih,2025Q2,0.75,1.081493949,1,-0.763,0
Bayt Al Faqih,2025Q3,0.663043478,0.994579743,0,0.912,0
Bayt Al Faqih,2025Q4,0.661971831,1.234795967,,0.512,0
Bidbadah,2023Q4,0.59047619,1.175886543,,0.819,
Bidbadah,2024Q1,0.659574468,1.309456477,,-0.239,22
Bidbadah,2024Q2,0.657657658,1.057591764,,0.013,10
Bidbadah,2024Q3,0.677777778,0.949979572,,1.069,0
Bidbadah,2024Q4,0.663043478,0.938287436,,1.733,0
Bidbadah,2025Q1,0.663043478,0.933059002,,-0.946,30
Bidbadah,2025Q2,0.720430108,0.855707503,,-1.49,0
Bidbadah,2025Q3,0.731182796,1.082336421,,0.691,0
Bidbadah,2025Q4,0.630434783,2.174560877,,0.09,0
Bilad Ar Rus,2025Q4,0.648148148,1.234795967,,-0.009,0
Bilad At Ta'am,2023Q4,0.5,0.549490805,,1.329,
Bilad At Ta'am,2024Q1,0.53968254,0.700689011,,0.489,22
Bilad Atta'am,2024Q2,0.693693694,0.631219866,,0.022,10
Bilad Atta'am,2024Q3,0.632653061,0.667170191,,0.952,0
Bilad Atta'am,2024Q4,0.602409639,0.604229607,,1.493,0
Bilad Atta'am,2025Q1,0.597701149,0.604229607,,0.082,30
Bilad Atta'am,2025Q2,0.625,0.604229607,,-0.935,0
Bilad Atta'am,2025Q3,0.675438596,1.173922384,,1.317,0
Bilad Atta'am,2025Q4,0.655555556,1.234795967,,-0.432,0
Brom Mayfa,2023Q4,1,0.547298279,,0.251,
Brom Mayfa,2024Q1,0,0.530858838,,0.105,22
Brum Mayf'ah,2024Q2,0.493333333,0.528592469,,-0.595,10
Brum Mayf'ah,2024Q3,0.602272727,0.498485402,,0.946,0
Brum Mayf'ah,2024Q4,0.659340659,0.498376723,,0.229,0
Brum Mayf'ah,2025Q1,0.622222222,0.510666955,,-0.355,30
Brum Mayf'ah,2025Q2,0.706521739,0.486644666,,-1.429,0
Brum Mayf'ah,2025Q3,0.559139785,0.604958937,,0.056,0
Brum Mayf'ah,2025Q4,0.703296703,0.701494931,,-0.242,0
Bura,2023Q4,0.518518519,1.026979758,,1.564,
Bura,2024Q1,0.44,1.016856133,,0.066,22
Bura',2024Q2,0.578947368,1.056931718,,0.056,10
Bura',2024Q3,0.670212766,1.092756147,,0.938,0
Bura',2024Q4,0.662790698,1.12200308,,1.456,0
Bura',2025Q1,0.655172414,1.120113309,,-0.413,30
Bura',2025Q2,0.729166667,1.186534834,0,-0.75,0
Bura',2025Q3,0.633333333,0.994579743,,1.562,0
Bura',2025Q4,0.666666667,1.234795967,,-0.049,0
Dahr,2025Q4,0.725274725,1.053674796,,0.135,0
Damt,2023Q4,0.595744681,1.127554616,,0.413,
Damt,2024Q1,0.55465587,1.19441016,0,-0.347,22
Damt,2024Q2,0.602040816,1.344589468,4,1.063,10
Damt,2024Q3,0.711340206,1.397428731,0,2.037,0
Damt,2024Q4,0.734693878,1.378628353,2,1.974,0
Damt,2025Q1,0.606060606,1.336748369,0,-1.007,30
Damt,2025Q2,0.625,1.215860213,1,-1.325,0
Damt,2025Q3,0.711340206,1.270102827,1,0.863,0
Damt,2025Q4,0.666666667,1.453167054,0,-0.122,0
Dar Sa'd,2024Q2,0.530120482,0.723091344,0,1.246,10
Dar Sa'd,2024Q3,0.54028436,0.592276138,3,1.233,0
Dar Sa'd,2024Q4,0.632183908,0.699470854,0,0.342,0
Dar Sa'd,2025Q1,0.515151515,0.798055655,2,-1.202,30
Dar Sa'd,2025Q2,0.686868687,0.913842005,1,-1.431,0
Dar Sa'd,2025Q3,0.630541872,1.014328723,0,2.663,0
Dar Sa'd,2025Q4,0.596899225,0.689532188,,-0.256,0
Dar Sad,2023Q4,0.323529412,0.712744869,3,-0.668,
Dar Sad,2024Q1,0.346405229,0.711245984,3,-1.019,22
Daw'an,2023Q4,0.666666667,0.773087195,,0.844,
Daw'an,2024Q1,1,0.770919964,,0.169,22
Daw'an,2024Q2,0.333333333,0.830977752,,0.619,10
Daw'an,2024Q3,0.508196721,0.814365406,,1.379,0
Daw'an,2024Q4,0.626373626,0.750571458,,-0.696,0
Daw'an,2025Q1,0.720430108,0.718715072,,-1.47,30
Daw'an,2025Q2,0.75,0.624331074,,-1.692,0
Daw'an,2025Q3,0.788888889,0.568439491,,0.806,0
Daw'an,2025Q4,0.606382979,0.701494931,,0.118,0
Dawran Aness,2023Q4,0.583333333,1.156397895,,0.939,
Dawran Aness,2024Q1,0.40625,1.162363568,,-0.22,22
Dawran Anis,2024Q2,0.520408163,1.150078472,3,0.019,10
Dawran Anis,2024Q3,0.581632653,1.140624951,0,1.264,0
Dawran Anis,2024Q4,0.555555556,1.154466633,,1.718,0
Dawran Anis,2025Q1,0.626262626,1.161934499,,-0.425,30
Dawran Anis,2025Q2,0.635416667,1.154629246,,-1.205,0
Dawran Anis,2025Q3,0.474226804,1.205202215,,0.854,0
Dawran Anis,2025Q4,0.489361702,1.234795967,,-0.405,0
Dhamar City,2023Q4,0.467741935,1.168777834,0,0.799,
Dhamar City,2024Q1,0.473282443,1.184872437,2,-0.451,22
Dhamar City,2024Q2,0.467065868,1.193258333,1,0.526,10
Dhamar City,2024Q3,0.536082474,1.2065354,1,1.401,0
Dhamar City,2024Q4,0.59,1.188415597,0,1.784,0
Dhamar City,2025Q1,0.54,1.197080182,3,-0.689,30
Dhamar City,2025Q2,0.625,1.203474511,0,-1.077,0
Dhamar City,2025Q3,0.64,1.205202215,0,0.746,0
Dhamar City,2025Q4,0.572916667,1.234795967,0,-0.363,0
Dhamar-Cluster22,2023Q4,0.380952381,1.1434452,0,0.761,
Dhamar-Cluster22,2024Q1,0.479166667,1.139278002,,-0.428,22
Dhamar-Cluster22,2024Q2,0.515151515,1.108409193,1,0.5665,10
Dhamar-Cluster22,2024Q3,0.587628866,1.07848975,3,1.4595,0
Dhamar-Cluster22,2024Q4,0.567010309,1.120950566,0,1.704,0
Dhamar-Cluster22,2025Q1,0.642857143,1.126972201,0,-0.8475,30
Dhamar-Cluster22,2025Q2,0.65625,1.107147251,6,-1.3055,0
Dhi As Sufal,2023Q4,0.46875,1.237123961,2,1.441,
Dhi As Sufal,2024Q1,0.407407407,1.256006813,0,0.315,22
Dhi As Sufal,2024Q2,0.547619048,1.263354611,,1.738,10
Dhi As Sufal,2024Q3,0.744897959,1.176970054,0,1.481,0
Dhi As Sufal,2024Q4,0.649484536,1.199445319,0,1.012,0
Dhi As Sufal,2025Q1,0.567010309,1.08521203,1,-0.747,30
Dhi As Sufal,2025Q2,0.5625,1.085900018,0,-0.8,0
Dhi As Sufal,2025Q3,0.646464646,1.127878117,2,1.514,0
Dhi As Sufal,2025Q4,0.537634409,1.080411273,0,-0.702,0
Dhi Bin,2023Q4,0.545454545,0.96894526,,1.219,
Dhi Bin,2024Q1,0.733333333,0.970454015,,0.022,22
Dhi Na'im,2023Q4,0.5,1.28315659,,-0.04,
Dhi Na'im,2024Q1,0.5,1.140090079,,-0.501,22
Dhi Na'im,2024Q2,0.720720721,1.230582466,,1.132,10
Dhi Na'im,2024Q3,0.854166667,1.105345854,,2.064,0
Dhi Na'im,2024Q4,0.802083333,1.248678236,0,1.583,0
Dhi Na'im,2025Q1,0.797979798,1.32884748,,-1.29,30
Dhi Na'im,2025Q2,0.739583333,1.268155569,0,-1.476,0
Dhi Na'im,2025Q3,0.782608696,1.344420981,0,0.275,0
Dhi Na'im,2025Q4,0.760869565,1.328520818,,-0.789,0
Dhibain,2024Q2,0.628865979,1.271859942,,-0.583,10
Dhibain,2024Q3,0.572916667,1.576044129,,1.805,0
Dhibain,2024Q4,0.75,1.576044129,,1.663,0
Dhibain,2025Q1,0.572916667,1.129769223,,-0.313,30
Dhibain,2025Q2,0.708333333,1.096933625,0,-1.358,0
Dhibain,2025Q3,0.705263158,1.173922384,,1.31,0
Dhibain,2025Q4,0.638297872,1.234795967,,-0.424,0
Dhubah,2025Q4,0.472527473,1.053674796,0,-0.732,0
Dhulaymat Habur,2024Q2,0.767676768,1.271859942,,-0.881,10
Dhulaymat Habur,2024Q3,0.815533981,1.576044129,,1.796,0
Dhulaymat Habur,2024Q4,0.688172043,1.576044129,,1.26,0
Dhulaymat Habur,2025Q1,0.813186813,1.129769223,0,0.083,30
Dhulaymat Habur,2025Q2,0.760416667,1.096933625,,-1.31,0
Dhulaymat Habur,2025Q3,0.666666667,1.173922384,,1.754,0
Dhulaymat Habur,2025Q4,0.744444444,1.234795967,1,-0.517,0
Dimnat Khadir,2023Q4,0.642857143,0.864107428,0,0.349,
Dimnat Khadir,2024Q1,0.84375,0.860485516,0,-0.181,22
Dimnat Khadir,2024Q2,0.623762376,0.860652383,,1.797,10
Dimnat Khadir,2024Q3,0.747474747,0.799139316,0,1.512,0
Dimnat Khadir,2024Q4,0.75257732,0.745477211,2,1.025,0
Dimnat Khadir,2025Q1,0.574257426,0.693493855,,-1.011,30
Dimnat Khadir,2025Q2,0.78125,0.656054021,,-1.003,0
Dimnat Khadir,2025Q3,0.703296703,0.685216903,0,1.727,0
Dimnat Khadir,2025Q4,0.695652174,0.701539945,0,-0.621,0
Eyal Surayh,2024Q2,0.595744681,1.271859942,,-0.5,10
Eyal Surayh,2024Q3,0.804123711,1.576044129,0,1.631,0
Eyal Surayh,2024Q4,0.737864078,1.576044129,,1.388,0
Eyal Surayh,2025Q1,0.596153846,1.129769223,,-0.246,30
Eyal Surayh,2025Q2,0.71875,1.096933625,,-1.417,0
Eyal Surayh,2025Q3,0.752688172,1.173922384,,1.668,0
Eyal Surayh,2025Q4,0.696969697,1.234795967,,-0.85,0
Far Al Udayn,2023Q4,0.555555556,1.237123961,0,1.526,
Far Al Udayn,2024Q1,0,1.256006813,,0.439,22
Far' Al Odayn,2024Q2,0.669565217,1.263354611,,1.389,10
Far' Al Odayn,2024Q3,0.708333333,1.176970054,0,1.053,0
Far' Al Odayn,2024Q4,0.71875,1.199445319,1,1.217,0
Far' Al Odayn,2025Q1,0.673267327,1.08521203,,-0.456,30
Far' Al Odayn,2025Q2,0.645833333,1.085900018,,-0.992,0
Far' Al Odayn,2025Q3,0.802083333,1.127878117,0,1.353,0
Far' Al Odayn,2025Q4,0.644444444,1.080411273,1,-0.357,0
Ghamr,2023Q4,0.551724138,1.278247192,,1.942,
Ghamr,2024Q1,0.456521739,1.295375998,0,-0.459,22
Ghamr,2024Q2,0.652173913,1.268245454,,-0.678,10
Ghamr,2024Q3,0.580645161,1.253160114,0,1.965,0
Ghamr,2024Q4,0.626262626,1.259224486,1,1.344,0
Ghamr,2025Q1,0.566666667,1.266917532,,0.654,30
Ghamr,2025Q2,0.65625,1.096933625,,-1.187,0
Ghamr,2025Q3,0.6,1.266742473,1,1.766,0
Ghamr,2025Q4,0.555555556,1.234795967,,-0.195,0
Ghayl Ba Wazir,2023Q4,0.36,0.482708685,,0.402,
Ghayl Ba Wazir,2024Q1,0.381578947,0.444306921,,1.132,22
Ghayl Bawazir,2024Q2,0.669811321,0.513774289,,0.13,10
Ghayl Bawazir,2024Q3,0.547368421,0.501574386,,1.262,0
Ghayl Bawazir,2024Q4,0.516483516,0.45882278,,0.292,0
Ghayl Bawazir,2025Q1,0.589473684,0.444131907,0,-1.217,30
Ghayl Bawazir,2025Q2,0.742268041,0.401212553,,-1.205,0
Ghayl Bawazir,2025Q3,0.730769231,0.4685769,,1.038,0
Ghayl Bawazir,2025Q4,0.611111111,0.701494931,0,-0.169,0
Ghayl Bin Yamin,2023Q4,0.533333333,0.547298279,,1.318,
Ghayl Bin Yamin,2024Q1,0.333333333,0.530858838,,0.475,22
Ghayl bin Yamin,2024Q2,0.588235294,0.528592469,,0.17,10
Ghayl bin Yamin,2024Q3,0.592105263,0.498485402,,1.595,0
Ghayl bin Yamin,2024Q4,0.666666667,0.498376723,1,0.052,0
Ghayl bin Yamin,2025Q1,0.692307692,0.510666955,,-1.255,30
Ghayl bin Yamin,2025Q2,0.722222222,0.486644666,,-1.652,0
Ghayl bin Yamin,2025Q3,0.755555556,0.604958937,1,1.125,0
Ghayl bin Yamin,2025Q4,0.744444444,0.701494931,7,0.146,0
Habban,2023Q4,0.551724138,0.807642028,3,0.485,
Habban,2024Q1,0.653846154,0.762830211,0,-0.003,22
Habban,2024Q2,0.690721649,0.741032087,1,-0.368,10
Habban,2024Q3,0.72826087,0.677007205,0,1.216,0
Habban,2024Q4,0.766666667,0.646142518,,1.19,0
Habban,2025Q1,0.688888889,0.628224583,,-0.516,30
Habban,2025Q2,0.755319149,0.626608879,0,-1.776,0
Habban,2025Q3,0.772151899,0.737104012,2,0.744,0
Habban,2025Q4,0.711111111,0.844473259,5,-0.321,0
Habil Jabr,2023Q4,0.833333333,0.780325964,,-0.106,
Habil Jabr,2024Q1,0.733333333,0.842134752,,-0.637,22
Habil Jabr,2024Q2,0.831683168,0.791347612,,0.874,10
Habil Jabr,2024Q3,0.838709677,0.788507878,,2.278,0
Habil Jabr,2024Q4,0.901408451,0.716043493,,1.11,0
Habil Jabr,2025Q1,0.744680851,0.684042739,,-0.988,30
Habil Jabr,2025Q2,0.78125,0.650640145,,-1.388,0
Habil Jabr,2025Q3,0.775,0.748137043,,1.251,0
Habil Jabr,2025Q4,0.777777778,0.838816782,,-0.771,0
Habur Zulaymah,2023Q4,0.466666667,0.96894526,,1.04,
Habur Zulaymah,2024Q1,0.583333333,0.970454015,,-0.276,22
Hadramawt-Cluster18,2023Q4,0.333333333,0.547298279,,0.6082,
Hadramawt-Cluster18,2024Q1,0.5,0.530858838,,0.8216,22
Hadramawt-Cluster18,2024Q2,0.581395349,0.528592469,,0.2894,10
Hadramawt-Cluster18,2024Q3,0.611111111,0.498485402,,1.3968,0
Hadramawt-Cluster18,2024Q4,0.542168675,0.498376723,,0.0654,0
Hadramawt-Cluster18,2025Q1,0.580246914,0.510666955,,-1.0476,30
Hadramawt-Cluster18,2025Q2,0.6875,0.486644666,4,-1.8456,0
Hadramawt-Cluster18,2025Q3,0.6375,0.604958937,6,0.5546,0
Hadramawt-Cluster18,2025Q4,0.623655914,0.701494931,3,0.6178,0
Hadramawt-Cluster19,2023Q4,0.52173913,0.458895929,,0.864,
Hadramawt-Cluster19,2024Q1,0.6875,0.442912248,,0.012,22
Hadramawt-Cluster19,2024Q2,0.649484536,0.441055087,,1.019,10
Hadramawt-Cluster19,2024Q3,0.666666667,0.390664008,,2.018,0
Hadramawt-Cluster19,2024Q4,0.709677419,0.460082306,,-0.7445,0
Hadramawt-Cluster19,2025Q1,0.77,0.441921899,1,-1.076,30
Hadramawt-Cluster19,2025Q2,0.817204301,0.416579793,,-1.8265,0
Hadramawt-Cluster19,2025Q3,0.791666667,0.597962969,,1.147,0
Hadramawt-Cluster19,2025Q4,0.71875,0.700283375,0,0.3905,0
Hadramawt-Cluster20,2023Q4,0.296296296,0.65417209,,0.204,
Hadramawt-Cluster20,2024Q1,0.612903226,0.681091979,,0.939,22
Hadramawt-Cluster20,2024Q2,0.635416667,0.592490073,,-0.108,10
Hadramawt-Cluster20,2024Q3,0.6,0.528654808,,1.4465,0
Hadramawt-Cluster20,2024Q4,0.451923077,0.510070465,,-0.5015,0
Hadramawt-Cluster20,2025Q1,0.533980583,0.486277292,,-0.9025,30
Hadramawt-Cluster20,2025Q2,0.614583333,0.493843299,,-0.864,0
Hadramawt-Cluster20,2025Q3,0.612903226,0.617176926,,0.895,0
Hadramawt-Cluster21,2023Q4,0.75,0.547298279,,-0.0015,
Hadramawt-Cluster21,2024Q1,0.5,0.530858838,,0.1745,22
Hadramawt-Cluster21,2024Q2,0.585106383,0.528592469,,1.31,10
Hadramawt-Cluster21,2024Q3,0.563218391,0.498485402,,1.5285,0
Hadramawt-Cluster21,2024Q4,0.61971831,0.498376723,,0.3845,0
Hadramawt-Cluster21,2025Q1,0.623655914,0.510666955,,-1.3525,30
Hadramawt-Cluster21,2025Q2,0.657142857,0.486644666,,-1.849,0
Hadramawt-Cluster21,2025Q3,0.736263736,0.604958937,0,1.038,0
Hajar,2024Q2,0.789473684,0.528592469,,-0.195,10
Hajar,2024Q3,0.735849057,0.498485402,,0.936,0
Hajar,2024Q4,0.672413793,0.498376723,,-0.635,0
Hajar,2025Q1,0.655555556,0.510666955,,-0.902,30
Hajar,2025Q2,0.744444444,0.486644666,,-1.557,0
Hajar,2025Q3,0.734177215,0.604958937,,0.43,0
Hajar,2025Q4,0.684782609,0.701494931,,-0.448,0
Hajjah,2023Q4,0.423728814,1.145053777,,1.401,
Hajjah,2024Q1,0.5,1.146319496,,-0.215,22
Hajjah,2024Q2,0.640449438,1.198188784,,-0.609,10
Hajjah,2024Q3,0.690721649,1.231213382,,1.399,0
Hajjah,2024Q4,0.632653061,1.231213382,,0.953,0
Hajjah,2025Q1,0.701030928,1.176546956,,0.194,30
Hajjah,2025Q2,0.677083333,1.176184296,,-1.212,0
Hajjah,2025Q3,0.683673469,1.204938055,6,1.775,0
Hajjah,2025Q4,0.684210526,1.234795967,,-0.671,0
Hajjah City,2023Q4,0.333333333,1.120629222,1,0.987,
Hajjah City,2024Q1,0.380952381,1.128366965,,-0.807,22
Hajjah City,2024Q2,0.457142857,1.154723506,0,-0.71,10
Hajjah City,2024Q3,0.552083333,1.170092437,,1.504,0
Hajjah City,2024Q4,0.534653465,1.182163517,0,0.335,0
Hajjah City,2025Q1,0.62244898,1.134201207,,-0.954,30
Hajjah City,2025Q2,0.53125,1.129657011,1,-1.271,0
Hajjah City,2025Q3,0.581632653,1.135479122,0,1.839,0
Hajjah City,2025Q4,0.522222222,1.234795967,,-1.153,0
Hajjah-Cluster15,2023Q4,1,1.120629222,0,2.036333333,
Hajjah-Cluster15,2024Q1,1,1.128366965,8,-0.071666667,22
Hajjah-Cluster15,2024Q2,0.605263158,1.154723506,0,-0.628666667,10
Hajjah-Cluster15,2024Q3,0.659090909,1.170092437,0,1.525666667,0
Hajjah-Cluster15,2024Q4,0.666666667,1.182163517,0,1.473,0
Hajjah-Cluster15,2025Q1,0.739130435,1.134201207,0,1.285333333,30
Hajjah-Cluster15,2025Q2,0.679012346,1.129657011,2,-0.404333333,0
Hajjah-Cluster15,2025Q3,0.621212121,1.135479122,0,2.135333333,0
Hajjah-Cluster15,2025Q4,0.603174603,1.234795967,,0.210666667,0
Hajr,2023Q4,0.5,0.547298279,,0.451,
Hajr,2024Q1,0.5,0.530858838,,0.071,22
Halimayn,2023Q4,0.743589744,0.780325964,,0.198,
Halimayn,2024Q1,0.777777778,0.842134752,,-0.462,22
Halmin,2024Q2,0.915789474,0.791347612,,0.947,10
Halmin,2024Q3,0.94047619,0.788507878,,2.44,0
Halmin,2024Q4,0.913043478,0.716043493,,1.205,0
Halmin,2025Q1,0.931818182,0.684042739,,-0.909,30
Halmin,2025Q2,0.88172043,0.650640145,,-1.353,0
Halmin,2025Q3,0.855555556,0.748137043,,0.846,0
Halmin,2025Q4,0.819148936,0.838816782,,-0.609,0
Hamdan,2025Q4,0.5,1.234795967,0,-0.78,0
Harf Sufyan,2023Q4,0.514285714,0.96894526,1,1.422,
Harf Sufyan,2024Q1,0.5,0.970454015,3,0.168,22
Harf Sufyan,2024Q2,0.680412371,1.271859942,3,-0.621,10
Harf Sufyan,2024Q3,0.635416667,1.576044129,1,1.977,0
Harf Sufyan,2024Q4,0.760416667,1.576044129,2,1.95,0
Harf Sufyan,2025Q1,0.701030928,1.129769223,3,0.27,30
Harf Sufyan,2025Q2,0.760416667,1.096933625,2,-1.618,0
Harf Sufyan,2025Q3,0.694736842,1.173922384,10,1.286,0
Harf Sufyan,2025Q4,0.681318681,1.234795967,1,-0.241,0
Harib,2023Q4,0.657894737,1.136960882,11,1.357,
Harib,2024Q1,0.727272727,1.214784182,47,0.575,22
Harib,2024Q2,0.496453901,0.917705691,10,0.32,10
Harib,2024Q3,0.587096774,0.774547627,2,1.194,0
Harib,2024Q4,0.611764706,0.743865084,10,2.083,0
Harib,2025Q1,0.532608696,0.767260683,15,-0.909,30
Harib,2025Q2,0.653846154,0.723948207,16,-1.403,0
Harib,2025Q3,0.598290598,0.85731922,1,0.725,0
Harib,2025Q4,0.611111111,2.174560877,10,0.458,0
Haridah,2024Q2,0.634920635,0.528592469,,1.52,10
Haridah,2024Q3,0.607142857,0.498485402,,1.519,0
Haridah,2024Q4,0.655172414,0.498376723,,-0.955,0
Haridah,2025Q1,0.605263158,0.510666955,,-1.144,30
Haridah,2025Q2,0.591397849,0.486644666,,-1.787,0
Haridah,2025Q3,0.611111111,0.604958937,,1.192,0
Haridah,2025Q4,0.705263158,0.701494931,,0.427,0
Hatib,2023Q4,0.909090909,0.807642028,,1.437,
Hatib,2024Q1,0.625,0.762830211,,-0.662,22
Hatib,2024Q2,0.764705882,0.741032087,,0.853,10
Hatib,2024Q3,0.775,0.677007205,,1.614,0
Hatib,2024Q4,0.880597015,0.646142518,,1.551,0
Hatib,2025Q1,0.75,0.628224583,1,-0.978,30
Hatib,2025Q2,0.719101124,0.626608879,1,-1.842,0
Hatib,2025Q3,0.712328767,0.737104012,2,0.862,0
Hatib,2025Q4,0.788888889,0.844473259,,0.404,0
Haydan,2023Q4,0.543478261,1.278247192,1,1.734,
Haydan,2024Q1,0.520833333,1.295375998,,-0.526,22
Haydan,2024Q2,0.639175258,1.268245454,,-0.805,10
Haydan,2024Q3,0.755102041,1.253160114,,2.021,0
Haydan,2024Q4,0.752475248,1.259224486,,1.188,0
Haydan,2025Q1,0.789473684,1.266917532,,0.612,30
Haydan,2025Q2,0.760416667,1.096933625,,-1.091,0
Haydan,2025Q3,0.747474747,1.266742473,,1.688,0
Haydan,2025Q4,0.755319149,1.234795967,,-0.079,0
Hayfan,2023Q4,0.75,0.954255282,3,-0.084,
Hayfan,2024Q1,0.5,0.93731298,2,-0.179,22
Hayfan,2024Q2,0.561403509,0.921996067,41,1.534,10
Hayfan,2024Q3,0.72826087,0.861952865,17,1.584,0
Hayfan,2024Q4,0.755102041,0.812632848,3,1.113,0
Hayfan,2025Q1,0.643564356,0.79138968,6,-0.988,30
Hayfan,2025Q2,0.822916667,0.723508634,1,-1.105,0
Hayfan,2025Q3,0.64516129,0.859479528,0,1.781,0
Hayfan,2025Q4,0.633333333,0.87139066,4,-0.497,0
Hays,2025Q2,0.614583333,0.987404666,7,-0.748,0
Hays,2025Q3,0.5,1.000384148,6,1.357,0
Hays,2025Q4,0.466666667,1.234795967,26,0.366,0
Hazm Al Odayn,2024Q2,0.618181818,1.263354611,,1.267,10
Hazm Al Odayn,2024Q3,0.704081633,1.176970054,0,1.363,0
Hazm Al Odayn,2024Q4,0.65,1.199445319,13,1.177,0
Hazm Al Odayn,2025Q1,0.59375,1.08521203,1,-0.444,30
Hazm Al Odayn,2025Q2,0.666666667,1.085900018,1,-0.899,0
Hazm Al Odayn,2025Q3,0.775510204,1.127878117,0,1.281,0
Hazm Al Odayn,2025Q4,0.516129032,1.080411273,,-0.521,0
Hazm Al Udayn,2023Q4,0.36,1.237123961,,1.443,
Hazm Al Udayn,2024Q1,0.777777778,1.256006813,,0.1,22
Hobeish,2024Q2,0.559633028,1.263354611,,1.154,10
Hobeish,2024Q3,0.645833333,1.176970054,,1.507,0
Hobeish,2024Q4,0.65625,1.199445319,1,0.714,0
Hobeish,2025Q1,0.71875,1.08521203,0,-0.789,30
Hobeish,2025Q2,0.729166667,1.085900018,7,-0.72,0
Hobeish,2025Q3,0.739583333,1.127878117,0,1.188,0
Hobeish,2025Q4,0.628865979,1.080411273,0,-0.618,0
Hubaysh,2023Q4,0.666666667,1.237123961,,1.489,
Hubaysh,2024Q1,0.857142857,1.256006813,0,-0.031,22
Hufash,2023Q4,0.361111111,1.001350313,,1.535,
Hufash,2024Q1,0.342105263,1.020915349,,0.685,22
Hufash,2024Q2,0.467889908,1.047135747,,-0.201,10
Hufash,2024Q3,0.422680412,1.0702168,,1.038,0
Hufash,2024Q4,0.515463918,1.127734519,,0.965,0
Hufash,2025Q1,0.377777778,1.16388995,,0.878,30
Hufash,2025Q2,0.552083333,1.096933625,,-0.918,0
Hufash,2025Q3,0.595744681,1.173922384,,1.592,0
Hufash,2025Q4,0.549450549,1.234795967,,-0.238,0
Huraidhah,2023Q4,1,0.547298279,,0.413,
Huth,2023Q4,0.333333333,0.96894526,0,1.369,
Huth,2024Q1,0.571428571,0.970454015,,-0.074,22
Huth,2024Q2,0.521276596,1.271859942,2,-0.759,10
Huth,2024Q3,0.6875,1.576044129,1,2,0
Huth,2024Q4,0.631578947,1.576044129,3,2.01,0
Huth,2025Q1,0.64516129,1.129769223,3,-0.393,30
Huth,2025Q2,0.634408602,1.096933625,3,-1.657,0
Huth,2025Q3,0.677777778,1.173922384,1,1.217,0
Huth,2025Q4,0.611111111,1.234795967,0,-0.321,0
Ibb,2025Q3,0.617021277,1.173922384,0,1.478,0
Ibb,2025Q4,0.604166667,1.234795967,,-0.607,0
Ibb-Cluster1,2023Q4,0.680851064,1.237123961,1,1.3535,
Ibb-Cluster1,2024Q1,0.48,1.256006813,0,0.117,22
Ibb-Cluster1,2024Q2,0.533333333,1.263354611,0,1.4895,10
Ibb-Cluster1,2024Q3,0.536082474,1.176970054,3,1.5725,0
Ibb-Cluster1,2024Q4,0.642857143,1.199445319,0,1.0025,0
Ibb-Cluster1,2025Q1,0.653465347,1.08521203,2,-0.7315,30
Ibb-Cluster1,2025Q2,0.614583333,1.085900018,1,-0.907,0
Ibb-Cluster2,2023Q4,0.333333333,1.200223421,0,1.232,
Ibb-Cluster2,2024Q1,0.34939759,1.123636824,3,0.132,22
Ibb-Cluster2,2024Q2,0.333333333,1.021790709,3,1.435,10
Ibb-Cluster2,2024Q3,0.546391753,0.99044165,4,1.517,0
Ibb-Cluster2,2024Q4,0.44,1.076621483,1,0.982,0
Ibb-Cluster2,2025Q1,0.427083333,1.05255244,1,-0.635,30
Ibb-Cluster2,2025Q2,0.447916667,1.015195598,5,-0.882,0
Ibb-Cluster2,2025Q3,0.535353535,1.0876248,0,1.457,0
Iyal Surayh,2023Q4,0.5,0.96894526,,0.614,
Iyal Surayh,2024Q1,0.5,0.970454015,,-0.362,22
Jabal Ash sharq,2023Q4,0.409836066,1.156397895,,1.121,
Jabal Ash sharq,2024Q1,0.441176471,1.162363568,,-0.007,22
Jabal Ash sharq,2024Q2,0.505263158,1.150078472,,-0.116,10
Jabal Ash sharq,2024Q3,0.587628866,1.140624951,0,1.156,0
Jabal Ash sharq,2024Q4,0.61,1.154466633,,1.407,0
Jabal Ash sharq,2025Q1,0.510204082,1.161934499,,-0.245,30
Jabal Ash sharq,2025Q2,0.572916667,1.154629246,,-1.191,0
Jabal Ash sharq,2025Q3,0.5,1.205202215,,0.932,0
Jabal Ash sharq,2025Q4,0.538461538,1.234795967,0,-0.801,0
Jabal Eyal Yazid,2024Q2,0.591397849,1.271859942,,-0.706,10
Jabal Eyal Yazid,2024Q3,0.645833333,1.576044129,0,1.692,0
Jabal Eyal Yazid,2024Q4,0.762886598,1.576044129,,1.273,0
Jabal Eyal Yazid,2025Q1,0.683673469,1.129769223,,-0.252,30
Jabal Eyal Yazid,2025Q2,0.677083333,1.096933625,1,-1.353,0
Jabal Eyal Yazid,2025Q3,0.602150538,1.173922384,,1.643,0
Jabal Eyal Yazid,2025Q4,0.591397849,1.234795967,1,-0.799,0
Jabal Habashi,2025Q3,0.566666667,0.885678221,,1.686,0
Jabal Habashi,2025Q4,0.566666667,1.053674796,,-0.637,0
Jabal Iyal Yazid,2023Q4,0.703703704,0.96894526,3,0.515,
Jabal Iyal Yazid,2024Q1,0.615384615,0.970454015,,-0.38,22
Jabal Murad,2023Q4,0.674418605,1.175886543,0,1.514,
Jabal Murad,2024Q1,0.666666667,1.309456477,,0.606,22
Jabal Murad,2024Q2,0.714285714,1.057591764,,0.184,10
Jabal Murad,2024Q3,0.684931507,0.949979572,,1.083,0
Jabal Murad,2024Q4,0.694736842,0.938287436,,1.684,0
Jabal Murad,2025Q1,0.731343284,0.933059002,,-1.026,30
Jabal Murad,2025Q2,0.733333333,0.855707503,,-1.36,0
Jabal Murad,2025Q3,0.597826087,1.082336421,,0.597,0
Jabal Murad,2025Q4,0.677777778,2.174560877,6,0.513,0
Jabal Ras,2025Q2,0.71875,1.030927835,0,-0.777,0
Jabal Ras,2025Q3,0.722222222,0.971266694,0,1.279,0
Jabal Ras,2025Q4,0.662921348,1.234795967,11,0.226,0
Jahaf,2023Q4,0.815789474,1.127554616,1,0.399,
Jahaf,2024Q1,0.761904762,1.19441016,0,-0.359,22
Jahaf,2024Q2,0.848484848,1.344589468,,1.233,10
Jahaf,2024Q3,0.806122449,1.397428731,,2.097,0
Jahaf,2024Q4,0.883495146,1.378628353,,1.138,0
Jahaf,2025Q1,0.820224719,1.336748369,,-1.047,30
Jahaf,2025Q2,0.792079208,1.215860213,,-1.31,0
Jahaf,2025Q3,0.804123711,1.270102827,,1.068,0
Jahaf,2025Q4,0.866666667,1.453167054,,-0.267,0
Jahran,2023Q4,0.37037037,1.156397895,0,1.082,
Jahran,2024Q1,0.526315789,1.162363568,,-0.44,22
Jahran,2024Q2,0.46875,1.150078472,,0.512,10
Jahran,2024Q3,0.59375,1.140624951,0,1.331,0
Jahran,2024Q4,0.5,1.154466633,0,1.716,0
Jahran,2025Q1,0.604166667,1.161934499,,-0.468,30
Jahran,2025Q2,0.541666667,1.154629246,,-1.099,0
Jahran,2025Q3,0.527472527,1.205202215,0,0.785,0
Jahran,2025Q4,0.52688172,1.234795967,,-0.315,0
Jardan,2023Q4,1,0.807642028,,0.075,
Jardan,2024Q1,0.666666667,0.762830211,1,-0.224,22
Jardan,2024Q2,0.806451613,0.741032087,,0.568,10
Jardan,2024Q3,0.783783784,0.677007205,,1.242,0
Jardan,2024Q4,0.714285714,0.646142518,,0.884,0
Jardan,2025Q1,0.772151899,0.628224583,2,-1.23,30
Jardan,2025Q2,0.827956989,0.626608879,,-1.627,0
Jardan,2025Q3,0.746478873,0.737104012,,1.254,0
Jardan,2025Q4,0.725274725,0.844473259,8,0.097,0
Jayshan,2023Q4,1,0.480732039,0,1.287,
Jayshan,2024Q1,0.8,0.425048551,0,-0.439,22
Jayshan,2024Q2,0.788461538,0.482748829,1,1.037,10
Jayshan,2024Q3,0.823529412,0.383466004,,1.783,0
Jayshan,2024Q4,0.781609195,0.36716297,0,1.832,0
Jayshan,2025Q1,0.739130435,0.344314458,0,-1.151,30
Jayshan,2025Q2,0.813186813,0.32188603,0,-2.057,0
Jayshan,2025Q3,0.671232877,0.347090623,,0.67,0
Jayshan,2025Q4,0.777777778,0.442363134,0,-0.402,0
Jiblah,2025Q3,0.625,1.173922384,0,1.569,0
Jiblah,2025Q4,0.522222222,1.234795967,0,-0.6,0
Jihanah,2023Q4,0.5,1.004763322,,1.017,
Jihanah,2024Q1,0.25,1.004763322,,-0.293,22
Jihanah,2024Q2,0.367924528,1.061153907,,0.182,10
Jihanah,2024Q3,0.459183673,1.091791347,,1.246,0
Jihanah,2024Q4,0.383838384,1.091791347,,1.61,0
Jihanah,2025Q1,0.346938776,1.129769223,,-0.596,30
Jihanah,2025Q2,0.427083333,1.096933625,,-1.151,0
Jihanah,2025Q3,0.47826087,1.173922384,,0.849,0
Jihanah,2025Q4,0.434782609,1.234795967,,0.233,0
Juban,2023Q4,0.532467532,1.127554616,,0.256,
Juban,2024Q1,0.602272727,1.19441016,,-0.473,22
Juban,2024Q2,0.666666667,1.344589468,,1.028,10
Juban,2024Q3,0.744897959,1.397428731,,2.222,0
Juban,2024Q4,0.777777778,1.378628353,,1.816,0
Juban,2025Q1,0.815533981,1.336748369,,-0.967,30
Juban,2025Q2,0.708333333,1.215860213,,-1.371,0
Juban,2025Q3,0.808510638,1.270102827,0,0.489,0
Juban,2025Q4,0.765957447,1.453167054,,-0.529,0
Khab wa Ash Sha'f,2024Q2,0.705882353,1.16141129,2,-0.277,10
Khab wa Ash Sha'f,2024Q3,0.784615385,1.167453316,0,1.651,0
Khab wa Ash Sha'f,2024Q4,0.72826087,1.180778345,5,0.879,0
Khab wa Ash Sha'f,2025Q1,0.571428571,1.129769223,10,-1.064,30
Khab wa Ash Sha'f,2025Q2,0.711111111,1.096933625,18,-1.626,0
Khab wa Ash Sha'f,2025Q3,0.76344086,1.173922384,7,1.445,0
Khab wa Ash Sha'f,2025Q4,0.755555556,1.234795967,34,0.391,0
Khabb wa ash Sha'af,2023Q4,1,1.122622723,3,0.244,
Khabb wa ash Sha'af,2024Q1,0.4,1.138800961,23,0.984,22
Khamir,2023Q4,0.475,0.96894526,0,0.919,
Khamir,2024Q1,0.636363636,0.970454015,,-0.303,22
Khamir,2024Q2,0.696428571,1.271859942,0,-0.782,10
Khamir,2024Q3,0.677083333,1.576044129,3,1.825,0
Khamir,2024Q4,0.707070707,1.576044129,1,1.419,0
Khamir,2025Q1,0.704761905,1.129769223,1,-0.277,30
Khamir,2025Q2,0.760416667,1.096933625,0,-1.408,0
Khamir,2025Q3,0.741935484,1.173922384,0,1.582,0
Khamir,2025Q4,0.706521739,1.234795967,0,-0.61,0
Khanfar,2024Q2,0.453947368,0.470569318,3,1.514,10
Khanfar,2024Q3,0.602150538,0.369363903,0,1.501,0
Khanfar,2024Q4,0.653846154,0.354439353,1,0.321,0
Khanfar,2025Q1,0.639175258,0.332441546,0,-1.393,30
Khanfar,2025Q2,0.71875,0.310786512,5,-1.522,0
Khanfar,2025Q3,0.6,0.33512198,1,1.62,0
Khanfar,2025Q4,0.613861386,0.423421244,3,-0.509,0
Khanfir,2023Q4,0.451754386,0.419735567,,0.391,
Khanfir,2024Q1,0.415204678,0.399480675,0,-0.817,22
Kharab Al Marashi,2023Q4,0.74137931,1.122622723,,1.387,
Kharab Al Marashi,2024Q1,0.651162791,1.138800961,3,0.07,22
Kharab Al Marashi,2024Q2,0.747474747,1.16141129,,-0.601,10
Kharab Al Marashi,2024Q3,0.8,1.167453316,1,1.874,0
Kharab Al Marashi,2024Q4,0.610526316,1.180778345,,2.559,0
Kharab Al Marashi,2025Q1,0.724489796,1.129769223,0,-0.116,30
Kharab Al Marashi,2025Q2,0.729166667,1.096933625,6,-1.598,0
Kharab Al Marashi,2025Q3,0.697916667,1.173922384,0,1.714,0
Kharab Al Marashi,2025Q4,0.744444444,1.234795967,,0.043,0
Kharif,2023Q4,0.266666667,0.96894526,,0.676,
Kharif,2024Q1,0.571428571,0.970454015,1,-0.382,22
Kharif,2024Q2,0.680412371,1.271859942,,-0.455,10
Kharif,2024Q3,0.635416667,1.576044129,,1.597,0
Kharif,2024Q4,0.75,1.576044129,,1.6,0
Kharif,2025Q1,0.646464646,1.129769223,,-0.382,30
Kharif,2025Q2,0.6875,1.096933625,,-1.265,0
Kharif,2025Q3,0.684210526,1.173922384,,1.415,0
Kharif,2025Q4,0.736263736,1.234795967,,-0.201,0
Khawlan,2024Q2,0.444444444,1.061153907,,0.143,10
Khawlan,2024Q3,0.428571429,1.091791347,,1.177,0
Khawlan,2024Q4,0.505263158,1.091791347,,1.839,0
Khawlan,2025Q1,0.557894737,1.129769223,2,-0.951,30
Khawlan,2025Q2,0.516129032,1.096933625,,-1.356,0
Khawlan,2025Q3,0.414893617,1.173922384,,0.746,0
Khawlan,2025Q4,0.494623656,1.234795967,,0.235,0
Khayran Al Muharraq,2023Q4,0.692307692,1.120629222,,2.201,
Khayran Al Muharraq,2024Q1,0.647058824,1.128366965,,-0.017,22
Khayran Al Muharraq,2024Q2,0.691489362,1.154723506,0,-0.587,10
Khayran Al Muharraq,2024Q3,0.635416667,1.170092437,,1.414,0
Khayran Al Muharraq,2024Q4,0.650485437,1.182163517,,1.109,0
Khayran Al Muharraq,2025Q1,0.722222222,1.134201207,,0.543,30
Khayran Al Muharraq,2025Q2,0.765957447,1.129657011,,-0.994,0
Khayran Al Muharraq,2025Q3,0.725274725,1.135479122,1,1.95,0
Khayran Al Muharraq,2025Q4,0.793478261,1.234795967,,-0.077,0
Khur Maksar,2025Q4,0.633333333,1.053674796,1,0.008,0
Khwlan,2023Q4,0.423076923,1.004763322,,0.91,
Khwlan,2024Q1,0.433333333,1.004763322,,-0.193,22
Kitaf wa Al Boqa',2024Q2,0.65625,1.268245454,,-0.478,10
Kitaf wa Al Boqa',2024Q3,0.724489796,1.253160114,3,2.015,0
Kitaf wa Al Boqa',2024Q4,0.677083333,1.259224486,,1.881,0
Kitaf wa Al Boqa',2025Q1,0.734693878,1.266917532,0,0.141,30
Kitaf wa Al Boqa',2025Q2,0.802083333,1.096933625,10,-1.614,0
Kitaf wa Al Boqa',2025Q3,0.706521739,1.266742473,0,1.384,0
Kitaf wa Al Boqa',2025Q4,0.67032967,1.234795967,0,0.414,0
Kitaf wa Al Boqe'e,2023Q4,0,1.278247192,0,0.557,
Kitaf wa Al Boqe'e,2024Q1,0.5,1.295375998,6,-0.132,22
Kritar - Sirah,2025Q4,0.543478261,1.31084258,0,-0.292,0
Ku'aydinah,2023Q4,0.421052632,1.120629222,,2.072,
Ku'aydinah,2024Q1,0.333333333,1.128366965,,0.046,22
Ku'aydinah,2024Q2,0.591836735,1.154723506,,-0.454,10
Ku'aydinah,2024Q3,0.71875,1.170092437,,1.448,0
Ku'aydinah,2024Q4,0.642857143,1.182163517,,1.229,0
Ku'aydinah,2025Q1,0.6,1.134201207,,0.933,30
Ku'aydinah,2025Q2,0.770833333,1.129657011,,-0.872,0
Ku'aydinah,2025Q3,0.757894737,1.135479122,,2.089,0
Ku'aydinah,2025Q4,0.736263736,1.234795967,,-0.088,0
Kuhlan Afar,2024Q2,0.670212766,1.154723506,,-0.861,10
Kuhlan Afar,2024Q3,0.717171717,1.170092437,,1.69,0
Kuhlan Afar,2024Q4,0.686868687,1.182163517,,0.916,0
Kuhlan Afar,2025Q1,0.635416667,1.134201207,,-0.624,30
Kuhlan Afar,2025Q2,0.6875,1.129657011,,-1.434,0
Kuhlan Afar,2025Q3,0.641304348,1.135479122,,1.723,0
Kuhlan Afar,2025Q4,0.610526316,1.234795967,,-0.919,0
Kuhlan Affar,2023Q4,0.44,1.120629222,,0.916,
Kuhlan Affar,2024Q1,0.620689655,1.128366965,,-0.805,22
Kuhlan Ash Sharaf,2023Q4,0.714285714,1.120629222,,1.997,
Kuhlan Ash Sharaf,2024Q1,0.666666667,1.128366965,,-0.046,22
Kuhlan Ash Sharaf,2024Q2,0.75,1.154723506,3,-0.494,10
Kuhlan Ash Sharaf,2024Q3,0.783505155,1.170092437,,1.639,0
Kuhlan Ash Sharaf,2024Q4,0.824742268,1.182163517,,0.867,0
Kuhlan Ash Sharaf,2025Q1,0.728395062,1.134201207,,0.311,30
Kuhlan Ash Sharaf,2025Q2,0.822916667,1.129657011,,-0.966,0
Kuhlan Ash Sharaf,2025Q3,0.822222222,1.135479122,,1.876,0
Kuhlan Ash Sharaf,2025Q4,0.70212766,1.234795967,,-0.275,0
Kushar,2023Q4,0.7,1.120629222,,1.896,
Kushar,2024Q1,0.763157895,1.128366965,,0.303,22
Kushar,2024Q2,0.715447154,1.154723506,,-0.608,10
Kushar,2024Q3,0.717171717,1.170092437,,1.672,0
Kushar,2024Q4,0.727272727,1.182163517,,1.076,0
Kushar,2025Q1,0.715909091,1.134201207,,0.492,30
Kushar,2025Q2,0.833333333,1.129657011,,-1.162,0
Kushar,2025Q3,0.802083333,1.135479122,,1.86,0
Kushar,2025Q4,0.826086957,1.234795967,0,-0.303,0
Kusmah,2023Q4,0.641304348,0.739787943,,1.056,
Kusmah,2024Q1,0.739130435,0.831656049,,0.689,22
Kusmah,2024Q2,0.768518519,0.811652176,,0.402,10
Kusmah,2024Q3,0.742268041,0.846048183,,1.225,0
Kusmah,2024Q4,0.760416667,0.796424296,,1.105,0
Kusmah,2025Q1,0.791666667,0.796739645,,0.099,30
Kusmah,2025Q2,0.75,0.797047543,1,-0.871,0
Kusmah,2025Q3,0.8125,1.173922384,,0.817,0
Kusmah,2025Q4,0.75257732,1.234795967,,-0.911,0
Lawdar,2023Q4,0.70212766,1.523770825,1,0.738,
Lawdar,2024Q1,0.650793651,1.586928923,3,-0.527,22
Lawdar,2024Q2,0.81147541,1.854905194,4,1.316,10
Lawdar,2024Q3,0.757575758,1.114665116,6,1.967,0
Lawdar,2024Q4,0.765306122,0.906183624,1,1.409,0
Lawdar,2025Q1,0.729411765,0.802757113,6,-1.132,30
Lawdar,2025Q2,0.755555556,0.757550531,8,-1.77,0
Lawdar,2025Q3,0.641304348,0.796109876,2,0.964,0
Lawdar,2025Q4,0.788888889,0.483710724,3,-0.789,0
Ma'in,2025Q2,0.5625,1.096933625,0,-1.339,0
Ma'in,2025Q3,0.540816327,1.173922384,12,0.926,0
Ma'in,2025Q4,0.505376344,1.234795967,0,-0.595,0
Ma'rib,2025Q2,0.6875,1.036492509,46,-1.5,0
Ma'rib,2025Q3,0.673684211,1.358994916,23,0.953,0
Ma'rib,2025Q4,0.569892473,2.219474927,28,0.209,0
Ma'rib City,2025Q2,0.520833333,0.938839279,2,-1.301,0
Ma'rib City,2025Q3,0.505050505,1.076724274,1,0.875,0
Ma'rib City,2025Q4,0.704081633,1.364428093,4,0.645,0
Ma'rib-Cluster29,2023Q4,0.6,1.189475195,3,1.073333333,
Ma'rib-Cluster29,2024Q1,0.75,1.36329554,2,0.050666667,22
Ma'rib-Cluster29,2024Q2,0.6,1.157680737,1,-0.166,10
Ma'rib-Cluster29,2024Q3,0.765957447,1.058509792,0,1.192333333,0
Ma'rib-Cluster29,2024Q4,0.745454545,1.036434665,1,1.472,0
Ma'rib-Cluster29,2025Q1,0.619047619,1.054373077,46,-0.455,30
Ma'rib-Cluster29,2025Q2,0.676470588,0.978242004,20,-1.39,0
Ma'rib-Cluster29,2025Q3,0.7,1.25421297,5,0.990333333,0
Ma'rib-Cluster29,2025Q4,0.672727273,2.091670091,2,0.041,0
Ma'rib-Cluster30,2023Q4,0.441860465,1.175886543,18,0.899,
Ma'rib-Cluster30,2024Q1,0.571428571,1.309456477,0,0.111,22
Ma'rib-Cluster30,2024Q2,0.703125,1.057591764,7,0.0175,10
Ma'rib-Cluster30,2024Q3,0.731707317,0.949979572,4,1.0435,0
Ma'rib-Cluster30,2024Q4,0.776595745,0.938287436,2,1.791,0
Ma'rib-Cluster30,2025Q1,0.738461538,0.933059002,17,-0.776,30
Ma'rib-Cluster30,2025Q2,0.602150538,0.855707503,4,-1.365,0
Ma'rib-Cluster30,2025Q3,0.747252747,1.082336421,5,0.768,0
Ma'rib-Cluster30,2025Q4,0.84057971,2.174560877,6,0.1815,0
Ma'rib-Cluster31,2023Q4,0.652631579,1.142216763,,0.934,
Ma'rib-Cluster31,2024Q1,0.623762376,1.259243382,,0.425,22
Ma'rib-Cluster31,2024Q2,0.6625,0.891259068,,0.316,10
Ma'rib-Cluster31,2024Q3,0.65,0.748814991,0,1.198333333,0
Ma'rib-Cluster31,2024Q4,0.684210526,0.743489866,,2.215,0
Ma'rib-Cluster31,2025Q1,0.703296703,0.767063132,6,-0.939,30
Ma'rib-Cluster31,2025Q2,0.666666667,0.723983148,0,-1.435333333,0
Ma'rib-Cluster31,2025Q3,0.61,0.951559288,,0.635,0
Ma'rib-Cluster31,2025Q4,0.711111111,2.174560877,0,0.251333333,0
Ma'rib-Cluster32,2023Q4,0.463054187,1.192315269,15,1.0315,
Ma'rib-Cluster32,2024Q1,0.50209205,1.354493532,31,0.42,22
Ma'rib-Cluster32,2024Q2,0.503355705,1.165803109,3,0.107,10
Ma'rib-Cluster32,2024Q3,0.593582888,1.121974289,11,0.9885,0
Ma'rib-Cluster32,2024Q4,0.554973822,1.137420832,10,1.789,0
Ma'rib-Cluster32,2025Q1,0.471264368,1.041670727,55,-0.7795,30
Mabyan,2023Q4,0,1.120629222,,1.5,
Mabyan,2024Q1,0.333333333,1.128366965,,-1.063,22
Mabyan,2024Q2,0.680851064,1.154723506,,-0.593,10
Mabyan,2024Q3,0.666666667,1.170092437,1,1.572,0
Mabyan,2024Q4,0.646464646,1.182163517,,1.019,0
Mabyan,2025Q1,0.623762376,1.134201207,6,-0.112,30
Mabyan,2025Q2,0.635416667,1.129657011,,-1.096,0
Mabyan,2025Q3,0.644444444,1.135479122,,1.9,0
Mabyan,2025Q4,0.652173913,1.234795967,,-0.582,0
Maghirib Ans,2023Q4,0.352941176,1.156397895,,1.36,
Maghirib Ans,2024Q1,0.377358491,1.162363568,,-0.085,22
Maghrib Ans,2024Q2,0.56,1.150078472,,0.54,10
Maghrib Ans,2024Q3,0.550458716,1.140624951,0,1.279,0
Maghrib Ans,2024Q4,0.528089888,1.154466633,,1.199,0
Maghrib Ans,2025Q1,0.588235294,1.161934499,,-0.364,30
Maghrib Ans,2025Q2,0.520833333,1.154629246,,-1.128,0
Maghrib Ans,2025Q3,0.494845361,1.205202215,,0.863,0
Maghrib Ans,2025Q4,0.604395604,1.234795967,,-1.012,0
Majz,2023Q4,0.285714286,1.278247192,,1.304,
Majz,2024Q1,0.447368421,1.295375998,0,-0.653,22
Majz,2024Q2,0.62195122,1.268245454,0,-0.499,10
Majz,2024Q3,0.595959596,1.253160114,,2.11,0
Majz,2024Q4,0.59375,1.259224486,0,1.469,0
Majz,2025Q1,0.693877551,1.266917532,2,0.327,30
Majz,2025Q2,0.688172043,1.096933625,30,-1.479,0
Majz,2025Q3,0.673469388,1.266742473,,1.551,0
Majz,2025Q4,0.593406593,1.234795967,,-0.002,0
Manakhah,2025Q3,0.608247423,1.173922384,,1.404,0
Manakhah,2025Q4,0.533333333,1.234795967,,-0.68,0
Maqbanah,2023Q4,0.271186441,0.864107428,2,1.019,
Maqbanah,2024Q1,0.289473684,0.860485516,6,0.715,22
Maqbanah,2024Q2,0.407079646,0.860652383,31,1.902,10
Maqbanah,2024Q3,0.606382979,0.799139316,1,0.852,0
Maqbanah,2024Q4,0.595744681,0.745477211,47,1.025,0
Maqbanah,2025Q1,0.555555556,0.693493855,5,-0.384,30
Maqbanah,2025Q2,0.666666667,0.656054021,9,-1.197,0
Maqbanah,2025Q3,0.681318681,0.685216903,4,1.717,0
Maqbanah,2025Q4,0.634408602,0.701539945,4,-0.474,0
Markhah Al Olya,2024Q2,0.690721649,0.741032087,6,1.282,10
Markhah Al Olya,2024Q3,0.8125,0.677007205,13,1.807,0
Markhah Al Olya,2024Q4,0.8125,0.646142518,1,1.186,0
Markhah Al Olya,2025Q1,0.791208791,0.628224583,8,-0.749,30
Markhah Al Olya,2025Q2,0.775510204,0.626608879,2,-1.389,0
Markhah Al Olya,2025Q3,0.773195876,0.737104012,1,1.025,0
Markhah Al Olya,2025Q4,0.840425532,0.844473259,25,0.088,0
Markhah As Sufla,2024Q2,0.817204301,0.741032087,1,0.705,10
Markhah As Sufla,2024Q3,0.8,0.677007205,1,1.528,0
Markhah As Sufla,2024Q4,0.845238095,0.646142518,0,1.677,0
Markhah As Sufla,2025Q1,0.741573034,0.628224583,1,-0.969,30
Markhah As Sufla,2025Q2,0.817204301,0.626608879,,-1.504,0
Markhah As Sufla,2025Q3,0.844155844,0.737104012,4,0.975,0
Markhah As Sufla,2025Q4,0.815217391,0.844473259,2,-0.147,0
Mashr'ah Wa Hadnan,2025Q4,0.510869565,1.053674796,,,0
Maswar,2023Q4,0.823529412,0.990820527,,0.797,
Maswar,2024Q1,0.8,0.990820527,,-0.739,22
Maswar,2024Q2,0.719101124,1.407921907,,-0.858,10
Maswar,2024Q3,0.679487179,2.826701457,,1.456,0
Maswar,2024Q4,0.697674419,2.826701457,,0.286,0
Maswar,2025Q1,0.547619048,1.129769223,,-0.63,30
Maswar,2025Q2,0.726315789,1.096933625,,-1.414,0
Maswar,2025Q3,0.655555556,1.173922384,,1.488,0
Maswar,2025Q4,0.637362637,1.234795967,,-1.275,0
Mawiyah,2023Q4,0.739130435,0.864107428,3,0.864,
Mawiyah,2024Q1,0.6875,0.860485516,1,-0.293,22
Mawiyah,2024Q2,0.72,0.860652383,13,1.73,10
Mawiyah,2024Q3,0.649484536,0.799139316,4,1.641,0
Mawiyah,2024Q4,0.783505155,0.745477211,4,1.299,0
Mawiyah,2025Q1,0.704081633,0.693493855,0,-1.088,30
Mawiyah,2025Q2,0.8,0.656054021,0,-0.977,0
Mawiyah,2025Q3,0.747252747,0.685216903,0,1.552,0
Mawiyah,2025Q4,0.641304348,0.701539945,2,-0.553,0
Mayfa'a,2023Q4,0.285714286,0.667440898,0,-0.11,
Mayfa'a,2024Q1,0.416666667,0.658944526,0,0.195,22
Mayfa'ah,2024Q2,0.6875,0.688656928,1,0.09,10
Mayfa'ah,2024Q3,0.824175824,0.654255859,0,1.068,0
Mayfa'ah,2024Q4,0.707070707,0.621521219,,-0.147,0
Mayfa'ah,2025Q1,0.659340659,0.639345701,2,-0.709,30
Mayfa'ah,2025Q2,0.604166667,0.638791509,1,-1.485,0
Mayfa'ah,2025Q3,0.653846154,0.72325685,5,0.766,0
Mayfa'ah,2025Q4,0.666666667,0.844473259,0,-0.503,0
Mayfa'at Ans,2025Q3,0.681318681,1.173922384,,0.925,0
Mayfa'at Ans,2025Q4,0.663043478,1.234795967,,-0.513,0
Mazhar,2023Q4,0.623529412,0.739787943,,0.908,
Mazhar,2024Q1,0.786666667,0.831656049,,0.244,22
Mazhar,2024Q2,0.740740741,0.811652176,,0.205,10
Mazhar,2024Q3,0.739583333,0.846048183,,1.213,0
Mazhar,2024Q4,0.770833333,0.796424296,,0.999,0
Mazhar,2025Q1,0.729166667,0.796739645,,-0.02,30
Mazhar,2025Q2,0.78125,0.797047543,,-0.934,0
Mazhar,2025Q3,0.71875,1.173922384,,0.694,0
Mazhar,2025Q4,0.706521739,1.234795967,,-1.01,0
Melhan,2024Q2,0.415254237,1.047135747,,-0.171,10
Melhan,2024Q3,0.632653061,1.0702168,,0.947,0
Melhan,2024Q4,0.515151515,1.127734519,,1.045,0
Melhan,2025Q1,0.454545455,1.16388995,,0.438,30
Melhan,2025Q2,0.5625,1.096933625,0,-0.906,0
Melhan,2025Q3,0.586956522,1.173922384,,1.469,0
Melhan,2025Q4,0.483870968,1.234795967,,-0.173,0
Merkhah Al Ulya,2023Q4,0.80952381,0.807642028,3,0.455,
Merkhah Al Ulya,2024Q1,0.782608696,0.762830211,,-0.262,22
Merkhah As Sufla,2023Q4,0.711864407,0.807642028,0,0.153,
Merkhah As Sufla,2024Q1,0.578125,0.762830211,0,-0.591,22
Milhan,2023Q4,0.40625,1.001350313,,1.991,
Milhan,2024Q1,0.448275862,1.020915349,,0.283,22
Monabbih,2023Q4,0.888888889,1.278247192,3,1.609,
Monabbih,2024Q1,0.833333333,1.295375998,1,-0.966,22
Monabbih,2024Q2,0.791208791,1.268245454,4,-0.521,10
Monabbih,2024Q3,0.84375,1.253160114,1,1.982,0
Monabbih,2024Q4,0.8125,1.259224486,5,1.385,0
Monabbih,2025Q1,0.784313725,1.266917532,0,0.525,30
Monabbih,2025Q2,0.857142857,1.096933625,9,-1.279,0
Monabbih,2025Q3,0.714285714,1.266742473,1,1.642,0
Monabbih,2025Q4,0.754716981,1.234795967,2,-0.2,0
Mudhaykhirah,2023Q4,0.388888889,1.237123961,1,1.425,
Mudhaykhirah,2024Q1,0.684210526,1.256006813,0,0.635,22
Mudhaykhirah,2024Q2,0.677083333,1.263354611,,1.625,10
Mudhaykhirah,2024Q3,0.704761905,1.176970054,0,1.48,0
Mudhaykhirah,2024Q4,0.721649485,1.199445319,2,0.803,0
Mudhaykhirah,2025Q1,0.61,1.08521203,,-0.339,30
Mudhaykhirah,2025Q2,0.65625,1.085900018,,-1.002,0
Mudhaykhirah,2025Q3,0.752688172,1.127878117,0,1.787,0
Mudhaykhirah,2025Q4,0.681318681,1.080411273,,-0.655,0
Mudiyah,2023Q4,0.611764706,1.093098497,14,1.436,
Mudiyah,2024Q1,0.518987342,1.109737096,42,-0.179,22
Mudiyah,2024Q2,0.771428571,1.116843126,11,1.532,10
Mudiyah,2024Q3,0.717647059,0.897963053,65,1.516,0
Mudiyah,2024Q4,0.69,0.833475804,67,1.02,0
Mudiyah,2025Q1,0.723404255,0.775439996,17,-1.115,30
Mudiyah,2025Q2,0.691358025,0.747136606,17,-1.739,0
Mudiyah,2025Q3,0.725274725,0.798420255,20,1.024,0
Mudiyah,2025Q4,0.755555556,0.483710724,6,-0.302,0
Mukayras,2023Q4,0.7,7.740398928,,0.875,
Mukayras,2024Q1,0.636363636,8.807588076,18,-0.37,22
Mukayras,2024Q2,0.786407767,9.052924791,,1.066,10
Mukayras,2024Q3,0.795918367,9.306456596,,2.058,0
Mukayras,2024Q4,0.827956989,9.69252698,0,1.721,0
Mukayras,2025Q1,0.87755102,10.53185887,0,-1.136,30
Mukayras,2025Q2,0.849462366,12.10888308,1,-1.763,0
Mukayras,2025Q3,0.788888889,4.817066177,3,0.593,0
Mukayras,2025Q4,0.822222222,8.706467662,3,-0.845,0
Mustaba,2023Q4,0.727272727,1.120629222,,2.148,
Mustaba,2024Q1,0.583333333,1.128366965,1,-0.62,22
Mustaba,2024Q2,0.848484848,1.154723506,,-0.544,10
Mustaba,2024Q3,0.792079208,1.170092437,,1.436,0
Mustaba,2024Q4,0.802325581,1.182163517,,1.317,0
Mustaba,2025Q1,0.734939759,1.134201207,,0.681,30
Mustaba,2025Q2,0.822916667,1.129657011,,-0.904,0
Mustaba,2025Q3,0.804347826,1.135479122,0,2.049,0
Mustaba,2025Q4,0.722222222,1.234795967,,0.227,0
Najrah,2023Q4,0.294117647,1.120629222,,1.339,
Najrah,2024Q1,0.450980392,1.128366965,,-1.423,22
Najrah,2024Q2,0.541666667,1.154723506,,-0.562,10
Najrah,2024Q3,0.514851485,1.170092437,,1.375,0
Najrah,2024Q4,0.608247423,1.182163517,,0.542,0
Najrah,2025Q1,0.597938144,1.134201207,,-1.111,30
Najrah,2025Q2,0.65625,1.129657011,,-1.16,0
Najrah,2025Q3,0.604395604,1.135479122,,1.789,0
Najrah,2025Q4,0.652173913,1.234795967,,-0.949,0
Nihm,2025Q4,0.579710145,1.234795967,2,-0.038,0
Nisab,2023Q4,0.756097561,0.830521915,0,0.661,
Nisab,2024Q1,0.696629213,0.793813791,0,-0.685,22
Nisab,2024Q2,0.835051546,0.760032243,0,0.985,10
Nisab,2024Q3,0.826530612,0.689087339,0,1.507,0
Nisab,2024Q4,0.715909091,0.655913762,,1.903,0
Nisab,2025Q1,0.744444444,0.618118803,4,-0.894,30
Nisab,2025Q2,0.760416667,0.628455336,0,-1.688,0
Nisab,2025Q3,0.75,0.803707174,1,0.924,0
Nisab,2025Q4,0.835164835,0.833105689,1,0.581,0
Old City,2025Q2,0.447916667,1.096933625,,,0
Old City,2025Q3,0.510869565,1.173922384,4,,0
Old City,2025Q4,0.64516129,1.234795967,0,,0
Osaylan,2024Q2,0.663366337,0.741032087,7,0.209,10
Osaylan,2024Q3,0.731958763,0.677007205,0,1.037,0
Osaylan,2024Q4,0.726190476,0.646142518,,0.197,0
Osaylan,2025Q1,0.765957447,0.628224583,1,-0.973,30
Osaylan,2025Q2,0.697916667,0.626608879,,-1.331,0
Osaylan,2025Q3,0.704081633,0.737104012,,0.66,0
Osaylan,2025Q4,0.666666667,0.844473259,1,-0.186,0
Otmah,2024Q2,0.54,1.150078472,0,0.518,10
Otmah,2024Q3,0.587628866,1.140624951,0,1.339,0
Otmah,2024Q4,0.602040816,1.154466633,,1.014,0
Otmah,2025Q1,0.63,1.161934499,,-0.278,30
Otmah,2025Q2,0.604166667,1.154629246,2,-1.106,0
Otmah,2025Q3,0.422680412,1.205202215,,0.771,0
Otmah,2025Q4,0.404255319,1.234795967,0,-0.917,0
Qa'atabah,2023Q4,0.666666667,1.127554616,163,0.485,
Qa'atabah,2024Q1,0.663461538,1.19441016,112,-0.731,22
Qa'tabah,2024Q2,0.736842105,1.344589468,69,1.11,10
Qa'tabah,2024Q3,0.780821918,1.397428731,61,2.085,0
Qa'tabah,2024Q4,0.814814815,1.386347252,172,1.526,0
Qa'tabah,2025Q1,0.688888889,1.354132813,142,-1.181,30
Qa'tabah,2025Q2,0.8,1.236710515,44,-1.234,0
Qa'tabah,2025Q3,0.777777778,1.287338171,31,0.969,0
Qa'tabah,2025Q4,0.784946237,1.380910296,19,-0.161,0
Qafl Shamer,2023Q4,0.681818182,1.120629222,,1.978,
Qafl Shamer,2024Q1,0.576923077,1.128366965,,-0.1,22
Qafl Shammar,2024Q2,0.625,1.154723506,,-0.56,10
Qafl Shammar,2024Q3,0.783505155,1.170092437,,1.471,0
Qafl Shammar,2024Q4,0.78125,1.182163517,,1.19,0
Qafl Shammar,2025Q1,0.75,1.134201207,,0.807,30
Qafl Shammar,2025Q2,0.708333333,1.129657011,,-0.809,0
Qafl Shammar,2025Q3,0.649484536,1.135479122,,2.101,0
Qafl Shammar,2025Q4,0.712765957,1.234795967,,0.096,0
Qaflat Odhar,2024Q2,0.787234043,1.670584825,,-0.684,10
Qaflat Odhar,2024Q3,0.705882353,2.826701457,,1.891,0
Qaflat Odhar,2024Q4,0.768115942,2.826701457,,1.507,0
Qaflat Odhar,2025Q1,0.734177215,1.129769223,2,0.714,30
Qaflat Odhar,2025Q2,0.75,1.096933625,0,-1.44,0
Qaflat Odhar,2025Q3,0.722222222,1.173922384,,1.585,0
Qaflat Odhar,2025Q4,0.666666667,1.234795967,0,-0.681,0
Qarah,2023Q4,0,1.120629222,,1.743,
Qarah,2024Q1,1,1.128366965,,0.044,22
Qarah,2024Q2,0.802083333,1.154723506,,-0.651,10
Qarah,2024Q3,0.771084337,1.170092437,0,1.844,0
Qarah,2024Q4,0.75,1.182163517,,1.195,0
Qarah,2025Q1,0.82278481,1.134201207,,0.785,30
Qarah,2025Q2,0.791666667,1.129657011,,-1.143,0
Qarah,2025Q3,0.833333333,1.135479122,,1.607,0
Qarah,2025Q4,0.811111111,1.234795967,,-0.472,0
Qatabir,2023Q4,0.529411765,1.278247192,2,1.583,
Qatabir,2024Q1,0.636363636,1.295375998,1,-0.614,22
Qatabir,2024Q2,0.574468085,1.268245454,0,-0.428,10
Qatabir,2024Q3,0.659340659,1.253160114,0,2.066,0
Qatabir,2024Q4,0.63,1.259224486,,1.465,0
Qatabir,2025Q1,0.575757576,1.266917532,1,0.862,30
Qatabir,2025Q2,0.655555556,1.096933625,2,-1.419,0
Qatabir,2025Q3,0.688888889,1.266742473,2,1.599,0
Qatabir,2025Q4,0.62745098,1.234795967,6,0.031,0
Rada',2025Q3,0.693877551,1.143178411,9,1.179,0
Rada',2025Q4,0.690721649,1.143178411,18,-0.438,0
Radfan,2023Q4,0.575342466,0.780325964,,-0.085,
Radfan,2024Q1,0.738461538,0.842134752,,-0.602,22
Radfan,2024Q2,0.666666667,0.791347612,0,1.166,10
Radfan,2024Q3,0.76,0.788507878,0,1.885,0
Radfan,2024Q4,0.8,0.716043493,,0.67,0
Radfan,2025Q1,0.722222222,0.684042739,,-1.066,30
Radfan,2025Q2,0.793814433,0.650640145,,-1.139,0
Radfan,2025Q3,0.808510638,0.748137043,,1.629,0
Radfan,2025Q4,0.849462366,0.838816782,0,-0.729,0
Radman,2024Q2,0.75862069,1.507723509,,0.996,10
Radman,2024Q3,0.826086957,1.491040562,,1.687,0
Radman,2024Q4,0.857142857,1.547895694,,2.632,0
Radman,2025Q1,0.827160494,1.610671767,,-1.039,30
Radman,2025Q2,0.875,1.61440967,,-1.207,0
Radman,2025Q3,0.855555556,1.723269505,0,0.763,0
Radman,2025Q4,0.847826087,2.47385358,,-0.191,0
Radman Al Awad,2023Q4,0.777777778,1.576197038,0,0.301,
Radman Al Awad,2024Q1,0.5,1.506659077,0,0.117,22
Radum,2024Q2,0.923076923,0.741032087,,-0.161,10
Radum,2024Q3,0.541666667,0.677007205,0,1.347,0
Radum,2024Q4,0.57,0.646142518,0,-0.397,0
Radum,2025Q1,0.717391304,0.628224583,,-0.276,30
Radum,2025Q2,0.604395604,0.626608879,0,-1.363,0
Radum,2025Q3,0.533333333,0.737104012,,0.674,0
Radum,2025Q4,0.626373626,0.844473259,,-0.508,0
Rajuzah,2023Q4,0.666666667,1.122622723,,1.21,
Rajuzah,2024Q1,0.653061224,1.138800961,1,0.488,22
Rajuzah,2024Q2,0.762886598,1.16141129,1,-0.659,10
Rajuzah,2024Q3,0.806451613,1.167453316,,1.81,0
Rajuzah,2024Q4,0.802469136,1.180778345,,2.363,0
Rajuzah,2025Q1,0.7,1.129769223,,-0.283,30
Rajuzah,2025Q2,0.760869565,1.096933625,,-1.578,0
Rajuzah,2025Q3,0.793814433,1.173922384,,1.852,0
Rajuzah,2025Q4,0.796610169,1.234795967,,-0.003,0
Rakhyah,2025Q4,0.547368421,1.053674796,,0.174,0
Rasad,2023Q4,0.628205128,10.6152513,,0.119,
Rasad,2024Q1,0.694444444,857.1428571,,-0.644,22
Rassd,2024Q2,0.704,116.6933547,,0.897,10
Rassd,2024Q3,0.795698925,8.780938687,,2.433,0
Rassd,2024Q4,0.87628866,4.847766661,,1.071,0
Rassd,2025Q1,0.760416667,2.920156766,,-0.891,30
Rassd,2025Q2,0.802083333,2.676096722,,-1.529,0
Rassd,2025Q3,0.760869565,3.641267701,,0.713,0
Rassd,2025Q4,0.811111111,0.483710724,,-0.805,0
Raydah,2023Q4,0.388888889,0.993105923,,0.536,
Raydah,2024Q1,0.631578947,0.990820527,,-0.283,22
Raydah,2024Q2,0.465116279,1.10098266,1,-0.502,10
Raydah,2024Q3,0.583333333,1.179138322,0,1.642,0
Raydah,2024Q4,0.676767677,1.179138322,0,1.418,0
Raydah,2025Q1,0.574257426,1.129769223,0,-0.228,30
Raydah,2025Q2,0.625,1.096933625,1,-1.346,0
Raydah,2025Q3,0.604166667,1.173922384,,1.637,0
Raydah,2025Q4,0.692307692,1.234795967,,-0.653,0
Rudum,2024Q1,0.5,0.762830211,,0.989,22
Sa'adah,2023Q4,0.3,1.335502806,,0.887,
Sa'adah,2024Q1,0.357142857,1.360671249,4,0.284,22
Sa'dah,2024Q2,0.530612245,1.278805357,0,-0.347,10
Sa'dah,2024Q3,0.432989691,1.233926434,0,2.12,0
Sa'dah,2024Q4,0.572815534,1.252011954,1,1.56,0
Sa'dah,2025Q1,0.53125,1.26428148,4,0.67,30
Sa'dah,2025Q2,0.583333333,1.096933625,60,-1.441,0
Sa'dah,2025Q3,0.548387097,1.102475694,,1.567,0
Sa'dah,2025Q4,0.621052632,1.234795967,3,0.124,0
Sa'dah-Cluster24,2023Q4,0.411764706,1.171582998,6,2.259,
Sa'dah-Cluster24,2024Q1,0.537414966,1.186529874,6,-0.187,22
Sa'dah-Cluster24,2024Q2,0.621621622,1.239331264,2,-0.679,10
Sa'dah-Cluster24,2024Q3,0.5625,1.296396922,1,1.796,0
Sa'dah-Cluster24,2024Q4,0.747572816,1.29420064,0,1.1585,0
Sa'dah-Cluster24,2025Q1,0.773195876,1.327584594,,1.016,30
Sa'dah-Cluster24,2025Q2,0.62244898,1.096933625,0,-0.979,0
Sa'dah-Cluster24,2025Q3,0.683673469,1.343756614,1,1.887,0
Sa'dah-Cluster24,2025Q4,0.604166667,1.234795967,4,-0.008,0
Sa'fan,2023Q4,0.5,1.004763322,,1.138,
Sa'fan,2024Q1,0.470588235,1.004763322,,0.385,22
Sa'fan,2024Q2,0.603603604,1.061153907,,-0.035,10
Sa'fan,2024Q3,0.697916667,1.091791347,,1.006,0
Sa'fan,2024Q4,0.615384615,1.091791347,,1.376,0
Sa'fan,2025Q1,0.711340206,1.129769223,,0.289,30
Sa'fan,2025Q2,0.548387097,1.096933625,,-1.116,0
Sa'fan,2025Q3,0.440860215,1.173922384,,1.71,0
Sa'fan,2025Q4,0.622222222,1.234795967,,-0.62,0
Sabah,2023Q4,0.577777778,1.576197038,,0.203,
Sabah,2024Q1,0.596153846,1.506659077,,-0.343,22
Sabah,2024Q2,0.724489796,1.507723509,,0.843,10
Sabah,2024Q3,0.797979798,1.491040562,,1.78,0
Sabah,2024Q4,0.787878788,1.547895694,,2.026,0
Sabah,2025Q1,0.773195876,1.610671767,,-1.126,30
Sabah,2025Q2,0.849462366,1.61440967,,-1.399,0
Sabah,2025Q3,0.774193548,1.723269505,0,0.944,0
Sabah,2025Q4,0.739130435,2.47385358,,-0.408,0
Sabir Al Mawadim,2025Q4,0.56043956,1.053674796,2,-0.698,0
Sah,2023Q4,0,0.547298279,,1.02,
Sah,2024Q1,0,0.530858838,,0.279,22
Sah,2024Q2,0.688172043,0.528592469,,0.32,10
Sah,2024Q3,0.656565657,0.498485402,,1.499,0
Sah,2024Q4,0.613636364,0.498376723,,0.014,0
Sah,2025Q1,0.648351648,0.510666955,,-1.001,30
Sah,2025Q2,0.741176471,0.486644666,,-2.019,0
Sah,2025Q3,0.723684211,0.604958937,,1.228,0
Sah,2025Q4,0.703296703,0.701494931,18,0.225,0
Sahar,2023Q4,0.344262295,1.278247192,,1.159,
Sahar,2024Q1,0.363636364,1.295375998,2,-0.525,22
Sahar,2024Q2,0.555555556,1.268245454,,-0.587,10
Sahar,2024Q3,0.551020408,1.253160114,,2.011,0
Sahar,2024Q4,0.61,1.259224486,,1.522,0
Sahar,2025Q1,0.55,1.266917532,1,0.19,30
Sahar,2025Q2,0.59375,1.096933625,3,-1.551,0
Sahar,2025Q3,0.581632653,1.266742473,1,1.502,0
Sahar,2025Q4,0.452631579,1.234795967,,-0.143,0
Salah,2024Q2,0.485714286,0.860652383,7,,10
Salah,2024Q3,0.547368421,0.799139316,4,,0
Salah,2024Q4,0.597701149,0.745477211,4,,0
Salah,2025Q1,0.553191489,0.693493855,1,,30
Salah,2025Q2,0.569892473,0.656054021,23,,0
Salah,2025Q3,0.555555556,0.685216903,15,,0
Salah,2025Q4,0.516129032,0.701539945,18,,0
Salh,2023Q4,0.526315789,0.864107428,7,,
Salh,2024Q1,0.391891892,0.860485516,6,,22
Sama,2023Q4,1,0.864107428,,0.108,
Sama,2024Q1,0.833333333,0.860485516,1,0.026,22
Sami',2024Q2,0.578125,0.860652383,,1.901,10
Sami',2024Q3,0.793103448,0.799139316,,1.518,0
Sami',2024Q4,0.755102041,0.745477211,0,1.011,0
Sami',2025Q1,0.6875,0.693493855,,-0.885,30
Sami',2025Q2,0.8125,0.656054021,,-0.837,0
Sami',2025Q3,0.8,0.685216903,,1.904,0
Sami',2025Q4,0.6,0.701539945,,-0.518,0
Sana'a City-Cluster4,2023Q4,0.384279476,1.184502127,1,0.7695,
Sana'a City-Cluster4,2024Q1,0.344537815,1.178513046,2,-0.483,22
Sana'a City-Cluster4,2024Q2,0.371428571,1.109843476,1,-0.1965,10
Sana'a City-Cluster4,2024Q3,0.46875,1.108277522,3,1.535,0
Sana'a City-Cluster4,2024Q4,0.445544554,1.108277522,2,1.741,0
Sana'a City-Cluster4,2025Q1,0.504854369,1.108277522,22,-0.654,30
Sana'a City-Cluster5,2023Q4,0.384615385,1.184502127,1,1.07,
Sana'a City-Cluster5,2024Q1,0.310810811,1.178513046,1,-0.506,22
Sana'a City-Cluster5,2024Q2,0.307692308,1.109843476,4,-0.361,10
Sana'a City-Cluster5,2024Q3,0.541666667,1.108277522,1,1.479,0
Sana'a City-Cluster5,2024Q4,0.479591837,1.108277522,11,1.966,0
Sana'a City-Cluster5,2025Q1,0.447916667,1.108277522,1,-0.676,30
Sana'a-Cluster25,2023Q4,0.415584416,1.004763322,2,0.913,
Sana'a-Cluster25,2024Q1,0.436363636,1.004763322,0,-0.17475,22
Sana'a-Cluster25,2024Q2,0.385542169,1.061153907,0,-0.1425,10
Sana'a-Cluster25,2024Q3,0.536082474,1.091791347,3,1.45875,0
Sana'a-Cluster25,2024Q4,0.485148515,1.091791347,8,1.59125,0
Sana'a-Cluster25,2025Q1,0.480392157,1.129769223,7,-0.64725,30
Sana'a-Cluster25,2025Q2,0.59375,1.096933625,53,-1.282,0
Sana'a-Cluster25,2025Q3,0.616161616,1.173922384,9,1.28475,0
Sana'a-Cluster26,2023Q4,0.438679245,1.004763322,0,0.9945,
Sana'a-Cluster26,2024Q1,0.455555556,1.004763322,0,-0.2585,22
Sana'a-Cluster26,2024Q2,0.37804878,1.061153907,3,0.133,10
Sana'a-Cluster26,2024Q3,0.556701031,1.091791347,2,1.389,0
Sana'a-Cluster26,2024Q4,0.653061224,1.091791347,2,1.786,0
Sana'a-Cluster26,2025Q1,0.56122449,1.129769223,5,-0.467,30
Sana'a-Cluster26,2025Q2,0.75,1.096933625,4,-1.101,0
Sana'a-Cluster26,2025Q3,0.580645161,1.173922384,6,0.9205,0
Sana'a-Cluster27,2023Q4,0.419047619,1.004763322,0,0.941333333,
Sana'a-Cluster27,2024Q1,0.534351145,1.004763322,1,0.256,22
Sana'a-Cluster27,2024Q2,0.538461538,1.061153907,2,-0.261333333,10
Sana'a-Cluster27,2024Q3,0.551020408,1.091791347,0,1.26,0
Sana'a-Cluster27,2024Q4,0.568627451,1.091791347,0,1.542333333,0
Sana'a-Cluster27,2025Q1,0.510204082,1.129769223,0,0.159333333,30
Sana'a-Cluster27,2025Q2,0.525773196,1.096933625,8,-1.306333333,0
Sanhan wa Bani Bahlul,2025Q4,0.462365591,1.234795967,6,-0.184,0
Saqayn,2023Q4,0.5,1.602077702,0,1.505,
Saqayn,2024Q1,0.454545455,1.602118032,0,-0.701,22
Saqin,2024Q2,0.610526316,1.623091454,,-0.636,10
Saqin,2024Q3,0.680412371,1.619447768,,2.027,0
Saqin,2024Q4,0.642857143,1.616734688,,1.227,0
Saqin,2025Q1,0.73,1.614458686,22,0.31,30
Saqin,2025Q2,0.697916667,1.096933625,,-1.345,0
Saqin,2025Q3,0.644444444,1.632002695,,1.657,0
Saqin,2025Q4,0.633333333,1.234795967,,-0.013,0
Sarar,2023Q4,0.705882353,1.093098497,0,0.404,
Sarar,2024Q1,0.882352941,1.109737096,,-0.683,22
Sarar,2024Q2,0.739583333,1.116843126,0,0.969,10
Sarar,2024Q3,0.8625,0.897963053,,1.89,0
Sarar,2024Q4,0.897435897,0.833475804,,0.778,0
Sarar,2025Q1,0.767123288,0.775439996,,-1,30
Sarar,2025Q2,0.862068966,0.747136606,,-1.579,0
Sarar,2025Q3,0.826666667,0.798420255,0,1.348,0
Sarar,2025Q4,0.866666667,0.483710724,,-0.558,0
Sayhut,2023Q4,0.34,1.006797213,,1.202,
Sayhut,2024Q1,0.226190476,0.929413732,0,0.197,22
Sayhut,2024Q2,0.466666667,0.91872448,,0.191,10
Sayhut,2024Q3,0.448,0.916577555,,1.902,0
Sayhut,2024Q4,0.431034483,0.757799322,,-0.417,0
Sayhut,2025Q1,0.54954955,0.673414676,,-0.767,30
Sayhut,2025Q2,0.615384615,0.698687628,,-1.108,0
Sayhut,2025Q3,0.633928571,0.951404296,,1.275,0
Sayhut,2025Q4,0.505263158,1.359610542,,-0.261,0
Sayun,2023Q4,0.465838509,0.56731706,,0.335,
Sayun,2024Q1,0.460829493,0.496844183,,0.158,22
Sayun,2024Q2,0.57,0.424584379,1,0.958,10
Sayun,2024Q3,0.674418605,0.408110423,0,1.669,0
Sayun,2024Q4,0.55952381,0.530272166,3,-0.92,0
Sayun,2025Q1,0.729166667,0.630503974,1,-0.918,30
Sayun,2025Q2,0.708333333,0.572170654,,-1.997,0
Sayun,2025Q3,0.673913043,0.773116484,0,1.138,0
Sayun,2025Q4,0.677083333,0.910278322,31,0.342,0
Shabwah-Cluster23,2023Q4,0,0.807642028,,-0.1015,
Shabwah-Cluster23,2024Q1,1,0.762830211,,-0.16,22
Shabwah-Cluster23,2024Q2,0.636363636,0.741032087,,0.965,10
Shabwah-Cluster23,2024Q3,0.872727273,0.677007205,,1.439,0
Shabwah-Cluster23,2024Q4,0.864864865,0.646142518,,0.6415,0
Shabwah-Cluster23,2025Q1,0.877777778,0.628224583,2,-1.2805,30
Shabwah-Cluster23,2025Q2,0.869047619,0.626608879,,-2.0465,0
Shabwah-Cluster23,2025Q3,0.791208791,0.737104012,,1.054,0
Shaharah,2023Q4,0.80952381,0.96894526,,1.264,
Shaharah,2024Q1,0.8,0.970454015,2,-0.024,22
Shaharah,2024Q2,0.752475248,1.271859942,1,-0.846,10
Shaharah,2024Q3,0.760416667,1.576044129,,1.856,0
Shaharah,2024Q4,0.802083333,1.576044129,,1.554,0
Shaharah,2025Q1,0.73,1.129769223,,0.246,30
Shaharah,2025Q2,0.854166667,1.096933625,,-1.564,0
Shaharah,2025Q3,0.831578947,1.173922384,,1.756,0
Shaharah,2025Q4,0.819148936,1.234795967,0,-0.376,0
Shar'ab Ar Rawnah,2024Q2,0.527777778,0.860652383,,1.717,10
Shar'ab Ar Rawnah,2024Q3,0.567010309,0.799139316,,1.013,0
Shar'ab Ar Rawnah,2024Q4,0.577319588,0.745477211,0,0.877,0
Shar'ab Ar Rawnah,2025Q1,0.480392157,0.693493855,0,-0.402,30
Shar'ab Ar Rawnah,2025Q2,0.541666667,0.656054021,3,-1.082,0
Shar'ab Ar Rawnah,2025Q3,0.64893617,0.685216903,0,1.677,0
Shar'ab Ar Rawnah,2025Q4,0.538461538,0.701539945,2,-0.551,0
Shar'ab As Salam,2024Q2,0.518518519,0.860652383,,1.66,10
Shar'ab As Salam,2024Q3,0.577319588,0.799139316,2,1.241,0
Shar'ab As Salam,2024Q4,0.67961165,0.745477211,,0.701,0
Shar'ab As Salam,2025Q1,0.541666667,0.693493855,0,-0.295,30
Shar'ab As Salam,2025Q2,0.6875,0.656054021,,-1.087,0
Shar'ab As Salam,2025Q3,0.586956522,0.685216903,0,1.673,0
Shar'ab As Salam,2025Q4,0.5625,0.701539945,0,-0.491,0
Shara'b Ar Rawnah,2023Q4,0.225806452,0.864107428,1,1.436,
Shara'b Ar Rawnah,2024Q1,0.275862069,0.860485516,,0.622,22
Shara'b As Salam,2023Q4,0.423076923,0.864107428,,1.319,
Shara'b As Salam,2024Q1,0.636363636,0.860485516,,0.631,22
Sharas,2023Q4,0.588235294,1.120629222,,1.081,
Sharas,2024Q1,0.677419355,1.128366965,,-1.161,22
Sharas,2024Q2,0.706521739,1.154723506,,-0.791,10
Sharas,2024Q3,0.64516129,1.170092437,,1.601,0
Sharas,2024Q4,0.635416667,1.182163517,,0.572,0
Sharas,2025Q1,0.741935484,1.134201207,,-0.85,30
Sharas,2025Q2,0.774193548,1.129657011,,-1.36,0
Sharas,2025Q3,0.627659574,1.135479122,,1.813,0
Sharas,2025Q4,0.714285714,1.234795967,,-1.238,0
Shibam,2023Q4,0,0.547298279,,0.432,
Shibam,2024Q1,0.5,0.530858838,,0.241,22
Shibam,2024Q2,0.652173913,0.528592469,1,0.914,10
Shibam,2024Q3,0.697916667,0.498485402,,1.504,0
Shibam,2024Q4,0.666666667,0.498376723,0,-1.07,0
Shibam,2025Q1,0.627659574,0.510666955,1,-1.038,30
Shibam,2025Q2,0.734042553,0.486644666,1,-1.941,0
Shibam,2025Q3,0.655555556,0.604958937,,1.013,0
Shibam,2025Q4,0.677777778,0.701494931,1,0.443,0
Shibam Kawkaban,2023Q4,0.411764706,1.001350313,,0.592,
Shibam Kawkaban,2024Q1,0.344827586,1.020915349,,-0.429,22
Shibam Kawkaban,2024Q2,0.394495413,1.047135747,,-0.599,10
Shibam Kawkaban,2024Q3,0.40625,1.0702168,,1.398,0
Shibam Kawkaban,2024Q4,0.4375,1.127734519,,0.958,0
Shibam Kawkaban,2025Q1,0.444444444,1.16388995,,-0.129,30
Shibam Kawkaban,2025Q2,0.505376344,1.096933625,,-1.266,0
Shibam Kawkaban,2025Q3,0.516129032,1.173922384,,1.147,0
Shibam Kawkaban,2025Q4,0.483516484,1.234795967,,-0.757,0
Shu'ub,2025Q2,0.479166667,1.096933625,16,-1.171,0
Shu'ub,2025Q3,0.567010309,1.173922384,0,0.881,0
Shu'ub,2025Q4,0.494505495,1.234795967,1,-0.583,0
Sibah,2023Q4,1,1.093098497,,0.039,
Sibah,2024Q2,0.723404255,1.116843126,,0.929,10
Sibah,2024Q3,0.794871795,0.897963053,,2.498,0
Sibah,2024Q4,0.820512821,0.833475804,,1.428,0
Sibah,2025Q1,0.77027027,0.775439996,,-0.898,30
Sibah,2025Q2,0.857142857,0.747136606,,-1.66,0
Sibah,2025Q3,0.763888889,0.798420255,,0.356,0
Sibah,2025Q4,0.849462366,0.483710724,,-0.807,0
Socotra-Cluster36,2024Q2,0.384615385,2.5761466,0,2.5795,10
Socotra-Cluster36,2024Q3,0.366666667,2.49432541,,-0.164,0
Socotra-Cluster36,2024Q4,0.5,2.186794498,,0.516,0
Socotra-Cluster36,2025Q1,0.577777778,1.843583856,0,-0.2065,30
Socotra-Cluster36,2025Q2,0.625,1.625989729,0,-0.6365,0
Socotra-Cluster36,2025Q3,0.688311688,2.529728136,,0.1295,0
Socotra-Cluster36,2025Q4,0.627659574,2.814716286,,-0.6535,0
Suwayr,2023Q4,0.666666667,0.927849587,,1.696,
Suwayr,2024Q1,0.714285714,0.950594043,1,-0.26,22
Suwayr,2024Q2,0.802816901,1.187894762,2,-0.661,10
Suwayr,2024Q3,0.9,1.360544218,6,1.762,0
Suwayr,2024Q4,0.77027027,1.360544218,,1.305,0
Suwayr,2025Q1,0.869047619,1.129769223,,0.179,30
Suwayr,2025Q2,0.829787234,1.096933625,,-1.322,0
Suwayr,2025Q3,0.752688172,1.173922384,3,1.789,0
Suwayr,2025Q4,0.755319149,1.234795967,,-0.302,0
Ta'iz-Cluster10,2024Q1,0,0.860485516,,0.384,22
Ta'iz-Cluster10,2024Q2,0.532258065,0.860652383,1,1.83,10
Ta'iz-Cluster10,2024Q3,0.475409836,0.799139316,0,1.031,0
Ta'iz-Cluster10,2024Q4,0.48,0.745477211,1,1.0895,0
Ta'iz-Cluster10,2025Q1,0.527472527,0.693493855,,-0.5605,30
Ta'iz-Cluster10,2025Q2,0.52688172,0.656054021,0,-1.367,0
Ta'iz-Cluster10,2025Q3,0.53125,0.685216903,0,1.8415,0
Ta'iz-Cluster10,2025Q4,0.523529412,0.701539945,0,-0.413,0
Ta'iz-Cluster11,2023Q4,0.634920635,1.197174411,2,0.4405,
Ta'iz-Cluster11,2024Q1,0.64516129,1.087939722,3,0.3975,22
Ta'iz-Cluster11,2024Q2,0.640776699,1.14481291,3,1.912,10
Ta'iz-Cluster11,2024Q3,0.628865979,1.087026242,0,1.138,0
Ta'iz-Cluster11,2024Q4,0.693181818,1.124417102,0,0.7825,0
Ta'iz-Cluster11,2025Q1,0.655555556,1.072165618,6,-0.578,30
Ta'iz-Cluster11,2025Q2,0.802083333,1.082473213,4,-1.0775,0
Ta'iz-Cluster12,2023Q4,0.5,0.864107428,2,0.959,
Ta'iz-Cluster12,2024Q1,0.333333333,0.860485516,1,0.316,22
Ta'iz-Cluster12,2024Q2,0.616161616,0.860652383,1,1.889,10
Ta'iz-Cluster12,2024Q3,0.566666667,0.799139316,9,1.322,0
Ta'iz-Cluster12,2024Q4,0.788235294,0.745477211,0,0.639,0
Ta'iz-Cluster12,2025Q1,0.611111111,0.693493855,9,-0.635,30
Ta'iz-Cluster12,2025Q2,0.6875,0.656054021,0,-0.953,0
Ta'iz-Cluster12,2025Q3,0.618421053,0.685216903,6,1.579,0
Ta'iz-Cluster13,2023Q4,0.380952381,0.815511793,4,1.206,
Ta'iz-Cluster13,2024Q1,0.317073171,0.858829844,8,0.359,22
Ta'iz-Cluster13,2024Q2,0.422680412,0.840781401,10,1.935,10
Ta'iz-Cluster13,2024Q3,0.542168675,0.750586396,4,1.189,0
Ta'iz-Cluster13,2024Q4,0.466019417,0.682070695,19,0.621,0
Ta'iz-Cluster13,2025Q1,0.389473684,0.620233621,12,-0.5,30
Ta'iz-Cluster9,2023Q4,0,0.864107428,1,-0.0855,
Ta'iz-Cluster9,2024Q1,0.166666667,0.860485516,0,0.1565,22
Ta'iz-Cluster9,2024Q2,0.463157895,0.860652383,1,1.5195,10
Ta'iz-Cluster9,2024Q3,0.438596491,0.799139316,5,0.919,0
Ta'iz-Cluster9,2024Q4,0.394230769,0.745477211,6,1.224,0
Ta'iz-Cluster9,2025Q1,0.451612903,0.693493855,3,-0.863,30
Ta'iz-Cluster9,2025Q2,0.5625,0.656054021,0,-1.7145,0
Ta'iz-Cluster9,2025Q3,0.515151515,0.685216903,0,1.8485,0
Thula,2023Q4,0.363636364,0.96894526,,0.628,
Thula,2024Q1,0.318181818,0.970454015,,-0.643,22
Thula,2024Q2,0.505263158,1.271859942,,-0.602,10
Thula,2024Q3,0.556701031,1.576044129,,1.57,0
Thula,2024Q4,0.587628866,1.576044129,,1.181,0
Thula,2025Q1,0.59,1.129769223,,-0.266,30
Thula,2025Q2,0.623655914,1.096933625,,-1.257,0
Thula,2025Q3,0.586956522,1.173922384,,1.402,0
Thula,2025Q4,0.559139785,1.234795967,,-0.819,0
Tuban,2023Q4,0.285714286,0.780325964,,-0.354,
Tuban,2024Q1,0.375,0.842134752,4,-0.539,22
Tuban,2024Q2,0.617647059,0.791347612,0,1.356,10
Tuban,2024Q3,0.701030928,0.788507878,1,1.355,0
Tuban,2024Q4,0.727272727,0.716043493,0,0.158,0
Tuban,2025Q1,0.663366337,0.684042739,2,-1.35,30
Tuban,2025Q2,0.635416667,0.650640145,1,-1.093,0
Tuban,2025Q3,0.724489796,0.748137043,,2.243,0
Tuban,2025Q4,0.62,0.838816782,1,-0.611,0
Tur Al Bahah,2023Q4,0.48,0.780325964,1,-0.432,
Tur Al Bahah,2024Q1,0.5,0.842134752,,-0.297,22
Tur Al Bahah,2024Q2,0.754901961,0.791347612,0,1.379,10
Tur Al Bahah,2024Q3,0.804123711,0.788507878,1,1.595,0
Tur Al Bahah,2024Q4,0.853658537,0.716043493,1,0.249,0
Tur Al Bahah,2025Q1,0.783018868,0.684042739,3,-1.06,30
Tur Al Bahah,2025Q2,0.791666667,0.650640145,0,-1.297,0
Tur Al Bahah,2025Q3,0.808080808,0.748137043,0,2.105,0
Tur Al Bahah,2025Q4,0.869565217,0.838816782,7,-0.725,0
Usaylan,2023Q4,0.545454545,0.807642028,4,0.499,
Usaylan,2024Q1,0.5,0.762830211,1,0.14,22
Utmah,2023Q4,0.542857143,1.156397895,,1.432,
Utmah,2024Q1,0.340909091,1.162363568,,-0.002,22
Wadhrah,2023Q4,0.6,1.120629222,,1.425,
Wadhrah,2024Q1,1,1.128366965,,-0.041,22
Wadi Al Ayn,2023Q4,0.6,0.547298279,,0.847,
Wadi Al Ayn,2024Q1,0.7,0.530858838,0,0.26,22
Wadi Al Ayn,2024Q2,0.593406593,0.528592469,,1.014,10
Wadi Al Ayn,2024Q3,0.711111111,0.498485402,0,1.391,0
Wadi Al Ayn,2024Q4,0.684210526,0.498376723,,-0.565,0
Wadi Al Ayn,2025Q1,0.652173913,0.510666955,3,-1.193,30
Wadi Al Ayn,2025Q2,0.706521739,0.486644666,3,-1.984,0
Wadi Al Ayn,2025Q3,0.692307692,0.604958937,,1.182,0
Wadi Al Ayn,2025Q4,0.611111111,0.701494931,5,0.428,0
Wadrah,2024Q2,0.711340206,1.154723506,,-0.604,10
Wadrah,2024Q3,0.720430108,1.170092437,,1.405,0
Wadrah,2024Q4,0.705263158,1.182163517,,1.058,0
Wadrah,2025Q1,0.691489362,1.134201207,,0.357,30
Wadrah,2025Q2,0.75,1.129657011,,-1,0
Wadrah,2025Q3,0.681318681,1.135479122,,1.882,0
Wadrah,2025Q4,0.666666667,1.234795967,,-0.408,0
Wald Rabi',2023Q4,0.857142857,1.576197038,,0.458,
Wald Rabi',2024Q1,0.904761905,1.506659077,0,-0.073,22
Wald Rabi',2024Q2,0.762886598,1.507723509,0,0.507,10
Wald Rabi',2024Q3,0.838709677,1.491040562,8,1.471,0
Wald Rabi',2024Q4,0.840425532,1.547895694,1,2.36,0
Wald Rabi',2025Q1,0.831578947,1.610671767,0,-0.913,30
Wald Rabi',2025Q2,0.838709677,1.61440967,,-1.357,0
Wald Rabi',2025Q3,0.869565217,1.723269505,,0.823,0
Wald Rabi',2025Q4,0.79787234,2.47385358,,-0.311,0
Washhah,2023Q4,0.4,1.120629222,,1.958,
Washhah,2024Q1,0.777777778,1.128366965,,-0.027,22
Washhah,2024Q2,0.828282828,1.154723506,,-0.591,10
Washhah,2024Q3,0.831683168,1.170092437,,1.636,0
Washhah,2024Q4,0.776470588,1.182163517,,1.373,0
Washhah,2025Q1,0.715909091,1.134201207,,0.359,30
Washhah,2025Q2,0.791666667,1.129657011,0,-0.965,0
Washhah,2025Q3,0.813333333,1.135479122,,1.862,0
Washhah,2025Q4,0.725274725,1.234795967,,-0.26,0
Wusab Al Aali,2024Q2,0.666666667,1.150078472,,0.862,10
Wusab Al Aali,2024Q3,0.659793814,1.140624951,0,1.303,0
Wusab Al Aali,2024Q4,0.717171717,1.154466633,,1.129,0
Wusab Al Aali,2025Q1,0.597938144,1.161934499,,-0.228,30
Wusab Al Aali,2025Q2,0.65625,1.154629246,,-0.989,0
Wusab Al Aali,2025Q3,0.652173913,1.205202215,2,0.993,0
Wusab Al Aali,2025Q4,0.595744681,1.234795967,0,-0.741,0
Wusab Al Ali,2023Q4,0.563829787,1.156397895,,1.643,
Wusab Al Ali,2024Q1,0.428571429,1.162363568,,0.203,22
Wusab As Safil,2023Q4,0.535714286,1.156397895,1,1.399,
Wusab As Safil,2024Q1,0.612903226,1.162363568,,0.318,22
Wusab As Safil,2024Q2,0.628099174,1.150078472,,1.144,10
Wusab As Safil,2024Q3,0.78125,1.140624951,,1.078,0
Wusab As Safil,2024Q4,0.69,1.154466633,,1.344,0
Wusab As Safil,2025Q1,0.67,1.161934499,,-0.261,30
Wusab As Safil,2025Q2,0.71875,1.154629246,,-0.91,0
Wusab As Safil,2025Q3,0.625,1.205202215,1,1.15,0
Wusab As Safil,2025Q4,0.544444444,1.234795967,0,-0.037,0
Yab'uth,2024Q2,0.720430108,0.528592469,,0.104,10
Yab'uth,2024Q3,0.695652174,0.498485402,,1.026,0
Yab'uth,2024Q4,0.695121951,0.498376723,,0.299,0
Yab'uth,2025Q1,0.758241758,0.510666955,,-1.193,30
Yab'uth,2025Q2,0.770114943,0.486644666,,-1.878,0
Yab'uth,2025Q3,0.810126582,0.604958937,,0.418,0
Yab'uth,2025Q4,0.70212766,0.701494931,,-0.453,0
Yabuth,2023Q4,0.545454545,0.547298279,,0.326,
Yabuth,2024Q1,0.578947368,0.530858838,,0.322,22
Yafa'a,2023Q4,0.64516129,0.780325964,,-0.042,
Yafa'a,2024Q1,0.761904762,0.842134752,,-0.484,22
Yafi',2024Q2,0.663157895,0.791347612,,0.908,10
Yafi',2024Q3,0.772277228,0.788507878,6,2.475,0
Yafi',2024Q4,0.818181818,0.716043493,,1.42,0
Yafi',2025Q1,0.75,0.684042739,1,-0.565,30
Yafi',2025Q2,0.791666667,0.650640145,0,-1.615,0
Yafi',2025Q3,0.815217391,0.748137043,,0.245,0
Yafi',2025Q4,0.744444444,0.838816782,,-0.897,0
Yahr,2023Q4,1,0.780325964,,-0.003,
Yahr,2024Q1,1,0.842134752,,-0.751,22
Yahr,2024Q2,0.804347826,0.791347612,,0.682,10
Yahr,2024Q3,0.838709677,0.788507878,,2.539,0
Yahr,2024Q4,0.783333333,0.716043493,,1.233,0
Yahr,2025Q1,0.782608696,0.684042739,,-0.728,30
Yahr,2025Q2,0.860215054,0.650640145,,-1.649,0
Yahr,2025Q3,0.857142857,0.748137043,,0.555,0
Yahr,2025Q4,0.75,0.838816782,,-0.818,0
Yarim,2023Q4,0.672839506,0.985111801,1,1.128,
Yarim,2024Q1,0.68852459,1.099589394,,-0.193,22
Yarim,2024Q2,0.726027397,1.110090338,,0.827,10
Yarim,2024Q3,0.721649485,1.061027127,,1.52,0
Yarim,2024Q4,0.742268041,1.088760539,1,1.226,0
Yarim,2025Q1,0.752475248,1.104186008,2,-0.825,30
Yarim,2025Q2,0.833333333,1.1049252,,-1.003,0
Yarim,2025Q3,0.760416667,1.065748483,0,0.955,0
Yarim,2025Q4,0.698924731,1.014116502,0,-0.734,0
Zabid,2023Q4,0.192307692,1.026979758,0,1.253,
Zabid,2024Q1,0.211538462,1.016856133,1,0.776,22
Zabid,2024Q2,0.505154639,1.056931718,13,1.429,10
Zabid,2024Q3,0.572916667,1.092756147,0,0.951,0
Zabid,2024Q4,0.62745098,1.12200308,5,1.701,0
Zabid,2025Q1,0.536082474,1.120113309,5,-0.157,30
Zabid,2025Q2,0.65625,1.186534834,1,-0.864,0
Zabid,2025Q3,0.641304348,0.994579743,0,1.144,0
Zabid,2025Q4,0.483516484,1.234795967,,0.467,0
Zingibar,2023Q4,0.373493976,0.467089015,0,0.244,
Zingibar,2024Q1,0.393700787,0.414475189,0,-1.508,22
Zinjibar,2024Q2,0.628571429,0.482584381,1,1.391,10
Zinjibar,2024Q3,0.636363636,0.383466004,,1.079,0
Zinjibar,2024Q4,0.684210526,0.403422269,0,0.128,0
Zinjibar,2025Q1,0.549450549,0.452134604,1,-1.691,30
Zinjibar,2025Q2,0.723404255,0.421113635,3,-1.534,0
Zinjibar,2025Q3,0.662921348,0.461495203,5,2.223,0
Zinjibar,2025Q4,0.694736842,0.588193724,0,-0.549,0
